Mes,Precipitacion,Temp Min,Temp Max
1,0.00,6.00,22.00
1,0.00,5.00,23.00
1,0.00,6.00,24.00
1,0.00,6.00,24.00
1,0.00,6.00,24.00
1,0.00,5.50,24.00
1,0.00,6.00,25.00
1,0.00,7.00,24.00
1,0.00,5.00,24.00
1,0.00,5.00,25.00
1,0.00,6.00,21.00
1,0.00,3.00,20.00
1,0.00,4.00,18.00
1,0.00,5.00,19.00
1,0.00,5.00,20.00
1,0.00,3.00,19.00
1,0.00,4.00,22.00
1,0.00,4.00,23.00
1,0.00,4.00,25.00
1,0.00,5.00,25.00
1,0.00,6.00,24.00
1,0.00,5.00,24.00
1,0.00,5.00,24.00
1,0.00,5.00,24.00
1,0.00,5.00,22.00
1,0.00,6.00,23.00
1,0.00,7.00,24.00
1,0.00,7.00,22.00
1,0.00,6.00,23.00
1,0.00,6.00,24.00
1,0.00,8.00,25.00
2,0.00,5.00,25.00
2,0.00,8.00,24.00
2,0.00,10.00,21.00
2,0.00,10.00,21.00
2,0.00,10.00,21.00
2,0.00,8.00,22.00
2,0.00,6.00,24.00
2,0.00,8.00,25.00
2,0.00,9.00,25.00
2,0.00,10.00,25.00
2,0.00,9.00,24.00
2,0.00,9.50,25.00
2,0.00,5.00,22.50
2,0.00,5.00,22.50
2,0.00,5.00,24.00
2,0.00,6.00,25.50
2,0.00,5.00,26.00
2,0.00,6.00,26.00
2,0.00,7.00,26.00
2,0.00,7.00,27.00
2,0.00,9.00,25.50
2,0.00,9.00,26.00
2,0.00,10.00,25.00
2,0.00,10.00,25.00
2,0.00,10.00,26.00
2,0.00,9.00,26.00
2,0.00,10.00,27.00
2,0.00,9.00,26.00
3,0.00,7.00,26.00
3,0.00,6.50,26.50
3,0.00,8.00,27.00
3,0.00,9.00,22.00
3,0.00,8.00,27.00
3,5.10,8.00,26.50
3,2.20,9.00,25.00
3,0.00,8.00,26.00
3,0.00,8.00,25.00
3,0.00,4.00,20.00
3,0.00,5.00,22.00
3,0.00,7.00,25.00
3,0.00,10.00,25.00
3,0.00,9.00,25.50
3,0.00,8.00,22.00
3,0.00,8.00,24.00
3,0.00,7.00,25.00
3,0.00,6.00,26.00
3,0.00,7.00,26.00
3,0.00,6.00,27.00
3,0.00,9.00,26.00
3,0.00,10.00,26.00
3,0.00,8.00,25.00
3,0.00,9.00,27.00
3,0.00,11.00,28.50
3,0.00,12.00,29.00
3,3.40,7.00,30.00
3,0.00,9.50,28.50
3,0.00,12.00,29.00
3,0.00,10.50,29.50
3,0.00,7.00,28.50
4,0.00,12.00,28.50
4,0.00,10.00,28.00
4,0.00,10.00,27.00
4,0.00,11.00,28.00
4,0.00,12.00,27.00
4,0.00,12.00,28.50
4,0.00,12.50,29.00
4,0.00,12.50,30.00
4,0.00,13.00,30.00
4,0.00,12.00,30.50
4,0.00,11.50,31.00
4,0.00,12.50,28.00
4,0.00,12.00,29.00
4,0.00,13.00,30.00
4,19.50,10.50,30.50
4,8.30,10.50,25.50
4,1.80,10.50,24.00
4,0.00,10.00,25.00
4,5.90,10.00,25.00
4,0.00,10.00,27.00
4,0.00,11.50,27.00
4,0.00,12.50,27.00
4,0.00,12.00,28.00
4,0.00,15.00,28.00
4,0.00,14.00,29.00
4,0.00,13.00,30.00
4,0.00,14.00,30.50
4,0.00,11.00,28.00
4,0.00,13.00,30.00
4,0.00,13.00,29.50
5,0.00,13.00,29.00
5,0.00,13.50,29.00
5,0.00,8.00,21.00
5,0.00,10.00,26.00
5,0.00,11.00,26.50
5,0.00,13.00,27.00
5,0.00,13.00,29.00
5,0.00,14.50,30.00
5,0.00,14.50,29.50
5,0.00,15.00,29.00
5,2.10,15.00,25.00
5,0.00,14.50,29.00
5,13.00,15.00,30.00
5,0.00,14.00,29.00
5,3.50,13.50,30.00
5,0.00,14.00,29.50
5,0.00,14.00,30.00
5,0.00,14.00,29.50
5,0.00,14.00,29.00
5,1.20,14.00,30.00
5,0.00,13.50,29.00
5,0.00,14.50,30.50
5,0.00,14.00,30.00
5,0.00,15.00,32.50
5,0.00,16.00,33.00
5,0.00,15.00,32.00
5,0.00,14.00,32.50
5,0.00,14.00,31.50
5,0.00,14.00,31.50
5,9.10,15.00,30.00
5,0.00,12.00,27.00
6,0.00,10.00,27.00
6,0.00,10.00,26.00
6,0.00,10.50,27.00
6,0.00,11.00,26.00
6,0.00,13.00,24.50
6,0.00,11.00,27.00
6,0.00,12.00,27.50
6,0.00,12.00,28.00
6,0.00,13.00,29.00
6,0.00,13.00,28.50
6,0.00,13.00,28.00
6,0.00,13.00,28.00
6,0.00,12.00,28.50
6,0.00,13.00,28.00
6,0.00,14.00,29.50
6,0.00,13.00,28.50
6,0.00,14.00,30.00
6,0.00,13.50,26.50
6,0.00,16.00,29.50
6,6.20,13.00,27.50
6,2.50,9.00,28.00
6,6.20,8.00,24.00
6,13.80,14.00,24.00
6,22.20,14.00,23.00
6,9.50,13.50,22.50
6,15.20,13.00,24.00
6,2.70,8.00,28.00
6,3.10,13.00,21.50
6,10.90,12.00,19.00
6,75.70,13.00,15.00
7,8.30,13.00,21.00
7,5.40,13.00,20.00
7,13.20,11.00,20.50
7,0.00,12.00,25.00
7,12.20,13.00,24.00
7,0.00,13.00,23.00
7,3.10,13.00,24.00
7,8.50,13.50,22.50
7,0.00,13.50,21.50
7,5.00,12.00,24.50
7,0.00,12.00,23.50
7,0.60,12.00,24.00
7,2.30,13.00,22.50
7,4.80,13.00,20.00
7,4.50,12.00,23.50
7,3.10,12.00,20.00
7,1.50,12.00,21.00
7,0.00,11.00,24.50
7,3.30,12.00,24.50
7,0.00,12.00,24.00
7,10.20,11.00,26.00
7,0.00,11.00,24.00
7,0.00,11.00,25.00
7,6.30,12.00,24.00
7,17.10,13.00,24.50
7,10.20,11.00,24.00
7,0.00,11.00,23.50
7,0.00,12.00,25.00
7,0.00,13.00,25.00
7,3.50,12.00,22.00
7,0.00,8.00,21.50
8,0.00,12.00,22.50
8,0.00,12.00,26.00
8,6.20,13.00,22.00
8,5.60,13.00,26.50
8,0.00,12.00,26.00
8,0.00,13.00,25.50
8,0.00,12.00,25.00
8,0.00,12.50,26.00
8,0.00,13.00,27.00
8,0.00,13.00,27.50
8,0.00,13.00,29.00
8,0.00,13.00,26.50
8,5.30,13.00,26.00
8,2.80,12.00,25.00
8,0.00,12.00,25.50
8,3.20,11.00,25.50
8,0.00,12.00,26.50
8,0.00,12.00,27.00
8,0.00,11.00,26.50
8,0.00,11.00,27.50
8,0.00,12.00,25.00
8,17.10,13.00,24.50
8,9.40,13.00,24.00
8,0.00,13.00,25.00
8,13.20,13.00,26.00
8,0.00,14.00,24.50
8,0.00,14.00,25.00
8,41.50,13.00,24.00
8,1.50,12.00,22.00
8,29.30,13.00,26.50
8,0.00,14.00,22.00
9,7.20,14.00,22.50
9,5.20,14.00,25.00
9,23.50,12.00,20.00
9,3.80,13.00,21.00
9,3.70,12.00,25.00
9,0.00,11.00,23.00
9,2.90,12.00,22.00
9,0.00,11.00,21.00
9,0.00,10.00,20.00
9,0.00,10.00,22.50
9,0.00,10.00,17.00
9,0.00,10.00,24.00
9,0.00,11.00,25.50
9,0.00,10.50,26.00
9,4.70,12.00,25.50
9,4.90,12.50,25.00
9,0.00,12.00,25.50
9,0.00,11.00,24.50
9,0.00,12.00,25.50
9,0.00,12.50,24.50
9,0.00,11.50,25.00
9,0.00,12.00,23.50
9,0.00,12.50,18.00
9,0.00,11.00,24.00
9,0.00,11.00,25.50
9,5.70,11.50,26.00
9,0.00,11.00,26.00
9,0.00,11.00,26.00
9,0.00,12.00,25.00
9,0.00,12.50,24.00
10,0.00,11.00,24.50
10,0.00,10.50,18.50
10,0.00,12.00,22.50
10,0.00,13.00,25.00
10,0.00,13.00,25.50
10,4.10,14.00,25.00
10,25.80,11.00,25.50
10,17.50,12.00,23.00
10,31.50,12.00,22.00
10,27.80,12.00,21.50
10,0.00,12.00,21.00
10,8.50,13.00,25.00
10,3.60,9.00,21.00
10,0.00,9.00,20.50
10,0.00,8.50,22.00
10,0.00,8.50,23.00
10,0.00,8.00,24.00
10,0.00,9.00,23.50
10,0.00,7.50,21.50
10,0.00,6.00,23.50
10,0.00,7.00,25.00
10,0.00,4.00,23.00
10,0.00,4.00,22.00
10,0.00,4.00,22.50
10,0.00,4.50,23.00
10,0.00,5.00,23.00
10,0.00,5.00,25.00
10,0.00,7.00,24.00
10,0.00,5.00,23.00
10,0.00,4.00,24.00
10,0.00,5.00,23.00
11,0.00,6.00,23.00
11,0.00,8.00,25.00
11,0.00,8.00,25.50
11,0.00,10.00,22.50
11,0.00,10.00,24.00
11,0.00,11.50,25.00
11,0.00,9.00,25.00
11,3.50,13.00,25.00
11,1.80,12.00,22.00
11,5.60,8.00,20.00
11,0.00,9.00,21.00
11,0.00,9.00,22.00
11,0.00,10.00,23.50
11,0.00,9.00,24.00
11,0.00,8.50,24.50
11,0.00,10.00,25.00
11,0.00,9.00,20.50
11,0.00,10.00,22.00
11,4.20,10.00,24.00
11,0.00,9.00,22.50
11,0.00,9.00,24.00
11,0.00,10.00,25.00
11,0.00,10.00,24.00
11,0.00,7.00,23.50
11,4.90,9.00,23.50
11,0.00,9.00,19.00
11,6.80,3.00,14.00
11,0.00,3.00,15.00
11,0.00,3.00,17.00
11,0.00,3.00,20.00
12,0.00,9.00,23.00
12,0.00,6.00,24.00
12,0.00,6.00,24.00
12,0.00,7.00,27.00
12,0.00,8.00,29.00
12,0.00,9.00,24.50
12,0.00,7.00,23.00
12,0.00,7.00,21.00
12,0.00,6.50,21.50
12,0.00,7.00,22.50
12,0.00,5.00,21.00
12,0.00,6.00,21.00
12,0.00,6.00,22.50
12,0.00,7.00,24.50
12,0.00,7.00,23.00
12,0.00,7.00,22.50
12,0.00,6.50,17.00
12,0.00,6.00,21.50
12,0.00,6.00,22.50
12,0.00,7.00,22.00
12,0.00,8.00,22.50
12,0.00,7.00,23.00
12,0.00,7.00,23.00
12,0.00,6.00,22.50
12,0.00,7.00,22.50
12,0.00,7.00,23.00
12,0.00,8.00,23.00
12,0.00,7.00,22.50
12,0.00,7.00,23.00
12,0.00,9.00,23.00
12,0.00,6.00,22.50
1,0.00,7.00,20.00
1,0.00,5.00,12.50
1,0.00,4.50,17.00
1,0.00,5.00,20.00
1,0.00,5.00,18.50
1,0.00,5.00,19.00
1,0.00,6.00,21.00
1,0.00,7.00,23.00
1,0.00,6.00,23.00
1,0.00,7.00,23.00
1,0.00,6.50,23.50
1,0.00,7.00,22.50
1,0.00,8.00,22.00
1,0.00,9.00,21.50
1,2.80,5.00,28.00
1,0.00,6.00,20.00
1,0.00,6.00,22.50
1,0.00,6.50,22.50
1,0.00,6.00,23.00
1,0.00,6.00,22.50
1,0.00,6.50,23.50
1,0.00,7.50,24.00
1,0.00,8.50,24.00
1,0.00,7.00,23.00
1,0.00,6.00,26.00
1,0.00,6.00,21.50
1,0.00,7.00,26.50
1,0.00,8.00,21.50
1,4.20,4.00,15.00
1,0.00,9.00,18.50
1,2.50,9.00,20.00
2,0.00,7.00,18.50
2,1.50,6.50,20.50
2,0.00,5.50,22.00
2,0.00,6.50,22.00
2,5.40,6.00,22.50
2,3.20,7.00,19.50
2,3.50,13.00,16.00
2,1.80,7.00,19.00
2,8.20,8.00,17.50
2,3.20,8.00,12.50
2,0.00,9.00,17.00
2,0.00,10.00,17.50
2,0.00,11.00,19.00
2,0.00,10.00,19.50
2,0.00,9.00,20.00
2,0.00,9.00,24.00
2,0.00,9.00,24.00
2,0.00,7.00,24.50
2,0.00,9.00,24.00
2,6.50,9.00,24.00
2,0.00,9.00,24.50
2,0.00,10.00,24.00
2,0.00,10.00,24.00
2,4.00,8.50,24.50
2,3.20,8.00,20.00
2,0.00,8.00,23.00
2,0.00,8.00,19.50
2,0.00,8.50,25.00
2,0.00,9.00,26.50
3,0.00,10.00,27.00
3,0.00,11.00,28.00
3,0.00,9.00,28.00
3,0.00,8.00,22.00
3,0.00,8.00,23.00
3,0.00,8.00,25.50
3,0.00,11.00,26.00
3,0.00,11.00,27.00
3,0.00,10.00,27.00
3,3.80,9.00,25.00
3,0.00,9.00,22.00
3,1.60,8.00,25.50
3,0.00,8.00,25.00
3,0.00,8.50,25.50
3,0.00,9.00,25.00
3,0.00,9.00,24.50
3,5.60,10.00,26.00
3,0.00,11.00,22.00
3,0.00,8.00,25.00
3,0.00,7.00,25.50
3,0.00,8.00,25.00
3,0.00,8.50,25.50
3,0.00,9.00,25.50
3,0.00,8.50,26.50
3,0.00,8.00,26.00
3,0.00,10.00,25.00
3,0.00,11.00,25.00
3,0.00,10.00,24.50
3,0.00,9.00,22.50
3,0.00,11.00,23.50
3,0.00,11.50,23.00
4,0.00,12.00,23.50
4,0.00,8.50,24.00
4,0.00,9.00,26.00
4,0.00,10.00,27.00
4,0.00,10.00,27.50
4,0.00,9.00,24.50
4,0.00,9.50,26.00
4,0.00,9.00,24.00
4,0.00,10.00,25.50
4,5.40,11.50,25.00
4,12.30,12.00,24.50
4,0.00,11.00,26.00
4,0.00,9.50,26.00
4,0.00,10.00,26.50
4,0.00,10.00,26.00
4,0.00,10.00,26.50
4,12.20,9.00,24.00
4,1.50,9.00,23.50
4,0.00,9.50,24.00
4,0.00,10.00,22.00
4,0.00,9.00,25.00
4,0.00,8.00,24.00
4,0.00,7.00,26.50
4,0.00,9.00,24.00
4,0.00,8.00,28.50
4,0.00,8.00,29.50
4,0.00,10.00,31.50
4,0.00,11.00,30.00
4,0.00,11.00,30.00
4,0.00,13.00,32.00
5,7.90,13.00,32.00
5,0.00,13.00,32.00
5,0.00,14.00,32.50
5,0.00,14.50,32.00
5,0.00,12.00,31.00
5,0.00,12.50,30.50
5,0.00,14.00,29.00
5,0.00,16.00,29.00
5,4.30,13.00,28.50
5,0.00,15.00,27.00
5,0.00,13.00,29.00
5,4.80,13.00,25.00
5,0.00,13.00,24.00
5,0.00,12.00,27.00
5,0.00,11.00,29.00
5,6.70,13.00,28.50
5,0.00,12.00,25.00
5,0.00,11.00,27.00
5,0.00,11.00,28.00
5,0.00,10.00,27.00
5,0.00,10.00,27.50
5,0.00,11.50,28.00
5,0.00,10.00,28.00
5,8.10,13.00,29.50
5,0.00,12.00,29.00
5,0.00,13.00,23.50
5,0.00,13.00,29.00
5,0.00,11.00,30.00
5,0.00,10.00,29.50
5,0.00,11.00,26.50
5,0.00,13.00,32.50
6,18.50,13.00,31.00
6,2.20,12.00,29.00
6,0.00,12.00,26.00
6,0.00,12.00,28.00
6,0.00,13.00,27.00
6,3.20,13.00,29.00
6,0.00,13.00,24.00
6,0.00,11.50,28.00
6,0.00,12.00,30.00
6,0.00,12.00,30.00
6,3.80,13.00,31.50
6,2.80,12.50,30.00
6,0.00,12.00,29.50
6,0.00,13.00,28.00
6,0.00,14.00,28.00
6,5.70,14.00,20.00
6,12.80,13.00,21.00
6,0.00,14.00,27.00
6,0.00,14.00,22.00
6,12.50,13.00,21.00
6,0.00,13.00,21.50
6,10.50,14.00,25.00
6,8.20,14.50,25.50
6,4.50,13.00,26.00
6,0.00,13.00,27.00
6,0.00,13.00,25.50
6,0.00,14.00,26.50
6,9.80,13.00,26.00
6,2.50,14.00,27.00
6,25.30,14.00,25.50
7,14.50,12.00,21.00
7,4.20,12.50,26.00
7,8.50,10.00,24.00
7,0.00,11.00,24.50
7,0.00,11.00,25.00
7,4.30,11.00,25.50
7,5.20,11.50,26.00
7,8.30,12.00,25.00
7,1.50,13.00,25.00
7,2.80,12.00,24.00
7,2.50,13.00,26.00
7,1.00,12.00,24.00
7,17.50,13.00,23.50
7,13.80,13.50,20.00
7,6.20,12.00,22.00
7,0.00,12.00,24.00
7,9.10,12.00,24.50
7,0.00,13.00,22.00
7,0.00,12.00,24.50
7,2.50,12.00,23.00
7,0.00,15.00,25.00
7,6.20,12.00,25.50
7,3.50,13.00,24.00
7,2.50,12.00,25.00
7,2.80,14.00,25.50
7,13.50,13.00,26.00
7,2.20,13.00,25.00
7,0.00,11.00,25.50
7,23.30,11.00,25.50
7,0.00,13.00,26.00
7,0.00,11.00,26.50
8,0.00,12.00,26.50
8,0.00,13.00,27.00
8,3.80,14.00,25.00
8,2.50,13.00,26.00
8,0.00,11.50,25.50
8,2.50,12.00,26.00
8,0.00,13.00,26.00
8,6.10,14.00,26.00
8,13.10,13.00,18.50
8,14.80,14.00,19.50
8,3.70,13.50,21.00
8,0.00,14.00,20.00
8,24.50,13.00,21.00
8,0.00,12.00,24.50
8,5.80,12.00,26.00
8,0.00,13.00,26.50
8,0.00,14.00,25.00
8,0.00,14.00,21.00
8,0.00,13.50,20.00
8,27.10,13.00,21.50
8,0.00,12.00,21.00
8,0.00,12.00,21.50
8,14.50,14.00,23.00
8,0.00,14.00,22.00
8,0.00,13.00,22.50
8,0.00,12.00,23.00
8,0.00,13.00,22.00
8,0.00,12.00,24.00
8,0.00,12.00,24.50
8,0.00,13.00,25.00
8,0.00,12.00,26.00
9,0.00,12.00,21.50
9,0.00,11.00,26.00
9,0.00,12.00,27.00
9,5.20,11.00,26.00
9,0.00,12.00,26.00
9,0.00,12.00,27.00
9,0.00,13.00,26.00
9,1.50,12.00,25.00
9,0.00,12.00,23.00
9,0.00,12.00,27.00
9,0.00,13.00,25.00
9,7.30,13.00,24.00
9,0.00,13.00,24.00
9,6.20,12.00,25.00
9,18.60,12.00,22.50
9,24.80,13.00,24.00
9,0.00,14.00,22.50
9,0.00,12.00,21.00
9,0.00,10.00,22.00
9,0.00,10.00,22.50
9,0.00,10.50,23.00
9,0.00,12.50,24.00
9,0.00,10.00,21.50
9,0.00,13.00,21.00
9,0.00,14.00,23.00
9,0.00,14.50,23.00
9,3.80,13.50,24.50
9,0.00,14.00,25.50
9,3.30,14.50,25.00
9,8.20,13.00,20.00
10,0.00,13.00,23.50
10,0.00,9.00,21.00
10,0.00,8.00,24.50
10,0.00,8.00,25.00
10,0.00,7.00,25.00
10,0.00,8.00,25.00
10,0.00,8.00,24.50
10,0.00,12.00,22.50
10,7.30,12.00,25.00
10,0.00,12.00,22.50
10,0.00,11.00,25.00
10,0.00,12.00,22.50
10,0.00,11.00,25.00
10,0.00,9.00,25.50
10,0.00,9.50,25.00
10,0.00,10.00,25.50
10,0.00,11.00,26.00
10,0.00,11.00,26.00
10,0.00,12.00,26.00
10,0.00,10.00,25.00
10,0.00,11.00,25.50
10,0.00,11.00,26.00
10,0.00,13.00,26.50
10,0.00,9.00,25.50
10,0.00,13.00,27.00
10,0.00,8.00,25.50
10,0.00,10.00,25.00
10,0.00,10.00,25.00
10,0.00,11.00,24.00
10,0.00,9.00,22.00
10,0.00,9.00,22.50
11,0.00,9.00,21.00
11,0.00,11.00,25.00
11,0.00,11.00,22.50
11,2.50,12.00,19.00
11,1.50,12.00,20.00
11,0.00,8.00,19.00
11,3.60,7.00,22.00
11,0.00,7.00,21.50
11,0.00,7.00,22.50
11,0.00,8.00,25.00
11,0.00,10.00,24.50
11,0.00,11.00,23.00
11,0.00,9.00,24.00
11,0.00,9.00,19.00
11,0.00,9.00,23.00
11,0.00,10.00,22.50
11,0.00,9.00,20.50
11,0.00,7.00,24.00
11,0.00,6.50,25.00
11,0.00,6.50,25.00
11,0.00,8.00,22.00
11,0.00,9.50,22.00
11,0.00,9.50,22.50
11,0.00,6.50,20.50
11,0.00,6.50,22.00
11,0.00,6.50,23.00
11,0.00,7.00,23.00
11,0.00,7.00,22.50
11,0.00,8.00,23.50
11,0.00,8.50,23.00
12,0.00,7.00,22.50
12,0.00,7.50,23.00
12,0.00,8.00,22.50
12,0.00,7.00,22.50
12,0.00,6.00,21.00
12,0.00,6.50,23.00
12,0.00,6.00,23.00
12,0.00,8.00,23.50
12,0.00,9.00,24.00
12,0.00,9.00,24.50
12,0.00,9.00,25.00
12,0.00,9.00,23.50
12,0.00,8.00,22.00
12,0.00,8.50,24.50
12,0.00,9.00,25.00
12,0.00,8.00,26.00
12,0.00,9.00,25.50
12,0.00,9.00,24.50
12,0.00,9.00,26.50
12,0.00,8.00,24.50
12,0.00,5.00,22.50
12,0.00,6.00,22.00
12,0.00,5.00,24.50
12,0.00,7.00,25.50
12,0.00,7.00,24.00
12,0.00,7.00,23.00
12,0.00,7.50,25.00
12,0.00,8.00,26.00
12,0.00,5.50,24.00
12,0.00,7.00,24.50
12,0.00,8.00,23.50
1,0.00,9.00,24.00
1,0.00,6.00,23.00
1,0.00,4.50,17.00
1,0.00,5.50,21.00
1,2.50,8.00,22.50
1,0.00,7.00,23.00
1,0.00,8.00,22.50
1,0.00,11.00,22.00
1,0.00,8.00,24.50
1,0.00,9.50,25.50
1,0.00,10.00,25.50
1,0.00,9.00,25.00
1,0.00,9.00,26.50
1,0.00,10.00,27.50
1,0.00,11.00,27.00
1,0.00,7.50,26.00
1,0.00,7.00,24.00
1,0.00,4.00,18.50
1,0.00,8.00,24.00
1,0.00,6.00,20.00
1,0.00,9.00,18.00
1,0.00,8.50,17.50
1,0.00,6.00,18.00
1,0.00,6.00,20.50
1,0.00,6.00,22.50
1,0.00,6.00,24.00
1,0.00,8.00,24.50
1,0.00,10.00,25.00
1,0.00,8.00,25.00
1,0.00,9.00,25.00
1,0.00,8.50,26.00
2,0.00,9.00,26.50
2,0.00,7.00,25.00
2,0.00,8.00,25.00
2,4.50,9.00,25.50
2,0.00,9.00,25.00
2,0.00,10.00,26.00
2,0.00,10.50,27.00
2,0.00,10.00,26.00
2,0.00,11.00,26.50
2,0.00,9.00,27.00
2,0.00,9.00,27.50
2,0.00,8.50,29.00
2,0.00,8.00,28.00
2,0.00,9.00,27.00
2,0.00,10.00,25.50
2,0.00,10.00,21.00
2,0.00,6.00,25.00
2,0.00,10.00,25.50
2,0.00,10.00,26.00
2,0.00,10.50,24.00
2,0.00,10.00,23.00
2,0.00,11.00,28.00
2,0.00,10.00,28.00
2,0.00,10.00,28.50
2,0.00,11.00,27.00
2,0.00,10.00,29.00
2,0.00,11.00,29.00
2,0.00,11.00,29.00
3,0.00,11.00,29.00
3,0.00,11.00,29.00
3,0.00,11.00,29.00
3,0.00,10.00,28.00
3,0.00,9.00,27.00
3,0.00,7.00,26.00
3,0.00,9.00,26.00
3,0.00,11.00,26.50
3,0.00,11.00,28.00
3,0.00,11.00,27.00
3,0.00,12.00,28.00
3,0.00,10.00,27.00
3,0.00,9.00,27.50
3,0.00,8.00,19.00
3,0.00,9.00,14.00
3,0.00,8.00,18.00
3,0.00,7.00,24.00
3,0.00,9.00,25.00
3,0.00,10.00,27.50
3,0.00,10.00,28.00
3,0.00,13.00,29.00
3,0.00,11.00,28.50
3,0.00,11.00,28.00
3,0.00,11.00,28.00
3,0.00,9.00,28.00
3,0.00,8.00,27.00
3,0.00,9.00,26.00
3,0.00,11.00,26.00
3,0.00,12.00,27.00
3,0.00,13.00,28.00
3,0.00,13.00,28.00
4,0.00,14.00,29.00
4,0.00,13.00,29.00
4,0.00,12.50,29.50
4,0.00,11.00,29.50
4,0.00,11.00,26.00
4,0.00,12.00,28.00
4,6.30,14.00,28.00
4,0.00,13.00,28.00
4,0.00,13.00,29.50
4,0.00,13.00,30.00
4,0.00,14.00,29.00
4,0.00,11.00,30.00
4,0.00,12.00,29.50
4,0.00,12.00,31.00
4,0.00,13.00,31.00
4,0.00,14.00,32.00
4,0.00,14.00,32.00
4,0.00,15.00,32.00
4,0.00,9.50,29.00
4,0.00,10.00,30.00
4,7.70,13.00,30.00
4,0.00,14.00,35.00
4,2.50,15.00,29.00
4,3.00,13.00,27.00
4,9.50,11.00,26.50
4,0.00,11.00,24.00
4,0.00,13.00,29.00
4,0.00,13.00,28.00
4,0.00,14.00,28.50
4,0.00,11.00,28.00
5,0.00,13.00,30.00
5,0.00,12.00,29.00
5,0.00,13.00,26.50
5,0.00,11.00,29.00
5,0.00,11.00,29.50
5,0.00,11.50,28.50
5,0.00,13.00,29.00
5,0.00,14.00,29.00
5,0.00,14.00,30.00
5,0.00,14.00,29.50
5,0.00,13.00,30.00
5,2.30,13.00,25.50
5,7.50,12.00,22.50
5,14.50,12.00,25.50
5,0.00,13.00,25.00
5,0.00,14.00,27.00
5,0.00,13.00,29.50
5,2.80,13.00,30.50
5,0.00,15.00,29.50
5,0.00,15.00,29.00
5,0.00,15.00,30.00
5,5.50,13.00,32.00
5,3.70,14.00,29.50
5,0.00,13.00,26.50
5,4.20,13.00,25.50
5,21.80,13.00,24.00
5,0.00,12.00,24.00
5,0.00,13.00,28.50
5,0.00,15.00,27.50
5,0.00,13.00,29.00
5,0.00,14.00,28.50
6,0.00,14.00,29.00
6,0.00,14.00,28.50
6,0.00,13.50,26.50
6,0.00,13.00,29.00
6,0.00,13.50,29.00
6,0.00,13.00,30.00
6,0.00,13.00,30.00
6,0.00,12.00,30.00
6,2.50,12.00,15.00
6,7.90,13.00,25.50
6,1.80,13.00,24.00
6,32.60,13.00,26.00
6,0.00,14.00,24.00
6,17.90,11.00,22.00
6,0.00,12.00,25.50
6,1.50,14.00,26.50
6,0.00,13.00,26.50
6,0.00,12.00,27.00
6,2.90,14.00,25.50
6,4.20,14.50,25.00
6,13.20,14.00,20.00
6,1.50,14.50,22.00
6,3.50,13.00,24.50
6,21.50,14.00,24.50
6,0.00,13.00,24.50
6,0.00,13.00,25.00
6,0.00,11.00,25.00
6,0.00,12.00,25.50
6,18.50,11.00,24.00
6,0.00,11.00,25.50
7,0.00,11.50,26.50
7,1.50,13.00,25.00
7,0.00,13.00,25.50
7,17.80,14.00,24.50
7,26.50,11.00,22.00
7,2.60,13.00,25.00
7,0.00,13.00,23.50
7,0.00,14.00,23.50
7,0.00,13.50,25.00
7,10.50,14.00,25.00
7,53.10,11.00,24.00
7,13.20,12.00,22.00
7,0.00,13.00,23.50
7,0.00,12.00,24.00
7,0.00,11.50,25.50
7,0.00,12.00,24.00
7,12.70,12.00,23.50
7,21.50,13.00,23.50
7,7.20,12.00,23.50
7,8.50,13.00,25.00
7,0.00,13.00,25.50
7,11.50,14.00,24.00
7,0.00,13.00,26.50
7,2.60,14.00,25.00
7,3.50,14.00,24.50
7,0.00,11.00,26.50
7,0.00,12.00,27.00
7,0.00,14.00,26.00
7,0.00,13.00,27.50
7,0.00,13.00,26.50
7,0.00,14.00,25.50
8,0.00,13.00,26.50
8,0.00,14.00,26.00
8,4.50,14.00,26.50
8,1.80,13.00,25.00
8,2.50,13.00,25.00
8,5.20,14.00,26.00
8,0.00,13.00,26.50
8,0.00,12.00,25.00
8,14.50,11.00,26.50
8,0.00,12.00,23.00
8,9.50,13.00,24.00
8,4.50,11.00,23.00
8,0.00,10.00,24.00
8,2.20,10.50,23.00
8,12.80,11.00,24.00
8,0.00,11.00,26.00
8,0.00,12.00,25.00
8,0.00,11.00,25.50
8,5.50,10.00,23.00
8,8.80,11.50,21.50
8,0.00,13.00,21.50
8,2.60,14.00,24.00
8,0.00,13.00,24.00
8,0.00,14.00,24.50
8,0.00,12.00,21.50
8,16.20,13.00,21.50
8,0.00,13.00,24.00
8,0.00,12.00,24.00
8,9.20,11.00,22.00
8,19.10,11.00,23.00
8,19.50,12.00,24.00
9,0.00,13.00,25.00
9,24.50,11.00,24.00
9,8.50,12.00,19.00
9,26.50,13.00,20.50
9,19.50,13.00,22.50
9,14.50,13.00,24.00
9,5.20,13.00,23.00
9,2.50,13.50,20.00
9,22.20,11.00,23.00
9,0.00,12.00,24.00
9,0.00,13.00,24.00
9,0.00,14.00,23.00
9,2.10,14.00,19.00
9,7.50,13.00,18.00
9,2.20,13.00,19.00
9,3.50,11.00,19.00
9,8.50,11.00,19.00
9,0.00,13.00,20.50
9,41.50,15.00,25.00
9,8.50,13.00,24.00
9,2.50,13.00,25.00
9,0.00,14.00,24.00
9,0.00,15.00,25.00
9,33.50,13.00,24.00
9,2.50,13.00,22.00
9,0.00,12.00,21.00
9,0.00,12.00,25.00
9,0.00,12.00,26.00
9,0.00,13.00,25.00
9,0.00,13.00,25.50
10,0.00,11.50,25.50
10,0.00,10.00,25.00
10,0.00,11.00,25.00
10,0.00,11.50,26.00
10,0.00,13.00,27.00
10,4.50,13.00,25.00
10,1.50,11.00,18.50
10,0.00,11.00,23.00
10,13.50,13.00,24.00
10,1.50,14.00,25.50
10,2.50,14.00,26.50
10,0.00,12.00,25.50
10,0.00,13.00,26.00
10,0.00,11.00,25.50
10,0.00,12.00,25.00
10,0.00,12.50,25.00
10,0.00,13.00,27.00
10,13.50,12.00,25.00
10,19.30,11.50,24.00
10,0.00,12.00,21.50
10,0.00,13.00,22.00
10,19.10,10.00,18.00
10,0.00,10.00,15.00
10,0.00,12.00,18.00
10,0.00,7.00,22.00
10,0.00,12.00,20.00
10,0.00,12.50,23.50
10,0.00,12.50,25.00
10,0.00,13.00,26.00
10,2.50,13.00,24.00
10,0.00,13.00,25.50
11,0.00,14.00,26.50
11,0.00,14.00,19.00
11,1.50,9.00,24.50
11,0.00,12.00,23.00
11,0.00,10.00,23.00
11,0.00,10.00,23.00
11,0.00,11.00,25.00
11,0.00,10.00,22.50
11,0.00,11.00,23.00
11,0.00,11.00,21.00
11,2.50,11.00,23.00
11,0.00,7.00,17.50
11,0.00,6.00,10.00
11,0.00,6.00,21.00
11,0.00,10.00,22.50
11,0.00,11.00,25.00
11,0.00,10.00,26.00
11,0.00,12.00,25.00
11,11.50,10.00,23.00
11,0.00,10.00,22.00
11,2.50,9.00,22.50
11,0.00,9.00,23.50
11,0.00,9.00,21.50
11,0.00,9.00,19.00
11,0.00,10.00,22.50
11,0.00,8.00,23.00
11,0.00,6.00,20.50
11,0.00,6.50,22.00
11,0.00,5.50,20.50
11,0.00,5.00,21.50
12,0.00,5.50,22.00
12,0.00,6.50,24.00
12,0.00,8.00,26.00
12,0.00,10.00,26.00
12,0.00,9.00,26.00
12,0.00,9.00,26.00
12,0.00,9.00,25.00
12,0.00,6.00,25.00
12,0.00,9.00,24.00
12,0.00,9.50,22.50
12,0.00,7.00,21.50
12,0.00,8.50,21.50
12,0.00,9.00,23.00
12,0.00,9.50,24.00
12,0.00,9.50,21.00
12,0.00,7.00,23.00
12,0.00,6.00,22.50
12,0.00,6.00,22.50
12,0.00,9.00,25.00
12,0.00,10.00,25.00
12,0.00,8.50,25.00
12,0.00,8.00,24.00
12,0.00,7.00,25.00
12,0.00,6.50,20.50
12,0.00,7.00,19.50
12,0.00,7.00,18.00
12,0.00,8.00,15.00
12,0.00,8.00,20.00
12,0.00,9.00,21.50
12,0.00,9.00,24.00
12,0.00,8.00,25.00
1,0.00,8.00,20.00
1,0.00,6.50,17.50
1,0.00,5.00,18.00
1,2.20,5.50,21.00
1,0.00,7.00,22.00
1,0.00,4.50,21.00
1,0.00,4.50,20.50
1,0.00,5.00,21.00
1,0.00,6.00,26.00
1,0.00,8.00,23.00
1,0.00,6.00,26.00
1,0.00,7.00,24.50
1,0.00,7.00,22.00
1,0.00,7.00,21.00
1,0.00,3.00,15.00
1,0.00,4.00,17.50
1,0.00,3.00,19.00
1,0.00,3.00,20.50
1,0.00,4.00,19.50
1,0.00,5.00,23.00
1,0.00,3.50,19.50
1,0.00,4.50,22.00
1,0.00,7.00,24.00
1,0.00,8.00,23.00
1,0.00,7.50,23.00
1,0.00,8.00,23.50
1,0.00,9.00,25.00
1,0.00,10.00,24.50
1,0.00,7.00,22.50
1,0.00,7.00,24.00
1,0.00,7.50,25.00
2,0.00,8.00,26.50
2,0.00,9.00,26.00
2,0.00,9.00,26.00
2,0.00,10.00,26.50
2,0.00,9.00,26.00
2,0.00,9.00,25.00
2,0.00,9.00,25.00
2,0.00,8.00,25.50
2,0.00,9.00,25.00
2,0.00,8.00,25.00
2,0.00,8.00,24.00
2,0.00,7.50,24.50
2,0.00,8.00,25.50
2,0.00,8.50,25.00
2,0.00,6.00,25.00
2,0.00,6.00,26.00
2,0.00,7.00,26.50
2,0.00,8.50,26.50
2,0.00,10.00,27.00
2,0.00,11.00,27.00
2,0.00,10.00,25.00
2,0.00,11.00,26.00
2,0.00,11.00,25.00
2,0.00,12.00,27.00
2,0.00,13.00,26.50
2,0.00,13.00,25.50
2,0.00,10.00,27.00
2,0.00,11.00,26.50
3,0.00,11.00,28.00
3,0.00,12.00,28.00
3,0.00,11.00,26.00
3,0.00,11.00,26.00
3,0.00,10.00,27.00
3,0.00,10.00,26.00
3,12.20,9.00,26.00
3,0.00,10.00,26.50
3,0.00,11.00,22.50
3,0.00,10.50,22.00
3,0.00,10.00,26.50
3,0.00,9.00,28.00
3,0.00,10.00,27.00
3,1.20,11.00,28.00
3,0.00,11.50,29.00
3,0.00,11.00,29.00
3,0.00,14.00,24.00
3,0.00,11.00,26.50
3,0.00,11.00,24.00
3,0.00,12.00,27.00
3,0.00,13.50,29.50
3,0.00,14.00,31.50
3,0.00,12.50,31.50
3,0.00,13.00,31.00
3,0.00,11.00,27.50
3,0.00,12.00,22.00
3,0.00,12.50,28.00
3,0.00,13.00,31.00
3,0.00,13.00,28.50
3,9.70,10.00,25.50
3,0.00,12.00,27.00
4,0.00,12.50,29.00
4,0.00,12.00,28.50
4,0.00,13.00,28.00
4,0.00,14.00,29.50
4,0.00,14.00,29.00
4,0.00,13.00,30.50
4,0.00,12.50,29.00
4,0.00,9.00,27.50
4,0.00,9.00,26.50
4,0.00,11.00,27.00
4,0.00,11.00,29.00
4,0.00,12.00,29.50
4,0.00,14.00,31.00
4,14.50,13.00,31.00
4,2.80,12.00,24.50
4,8.20,11.00,25.50
4,0.00,11.50,26.50
4,12.80,10.00,25.50
4,0.00,10.50,27.00
4,0.00,12.00,27.50
4,3.50,10.50,28.50
4,2.20,11.00,27.00
4,0.00,11.50,25.00
4,0.00,12.00,26.00
4,0.00,12.00,25.50
4,2.50,12.50,26.00
4,0.00,13.00,27.50
4,0.00,14.00,29.00
4,1.50,14.00,29.00
4,0.00,11.00,25.50
5,9.30,11.50,26.00
5,0.00,11.00,26.50
5,3.80,11.00,25.00
5,0.00,10.50,26.50
5,0.00,12.00,27.00
5,1.80,14.00,27.50
5,7.30,12.00,24.00
5,1.80,10.00,19.00
5,0.00,12.00,27.50
5,6.70,11.00,26.50
5,0.00,14.00,29.00
5,0.00,13.00,27.50
5,3.50,12.50,27.50
5,0.00,10.00,27.00
5,0.00,12.00,22.00
5,0.00,7.00,25.00
5,0.00,10.00,25.00
5,0.00,10.00,26.00
5,0.00,11.00,21.50
5,0.00,11.00,28.00
5,0.00,7.00,27.00
5,1.80,13.00,29.00
5,6.30,13.00,24.50
5,10.50,13.00,26.00
5,0.00,14.00,24.00
5,9.50,13.00,23.00
5,4.20,14.00,24.50
5,2.30,13.00,23.00
5,0.00,14.00,24.50
5,15.50,13.00,23.00
5,9.80,10.00,22.50
6,0.00,11.00,23.00
6,0.00,11.00,22.00
6,0.00,12.00,22.50
6,5.50,13.50,22.00
6,1.30,14.00,23.00
6,0.00,14.50,21.00
6,0.00,14.50,25.00
6,10.20,13.00,24.00
6,0.00,12.00,26.50
6,23.20,8.00,27.50
6,8.90,13.00,27.00
6,0.00,13.00,28.00
6,0.00,14.00,28.00
6,0.00,14.00,27.50
6,0.00,13.00,28.00
6,30.40,13.00,28.00
6,4.40,13.00,26.00
6,6.10,14.00,25.00
6,5.60,13.00,26.00
6,7.20,14.00,23.00
6,9.20,14.00,25.00
6,0.00,13.00,25.50
6,15.50,14.00,23.50
6,19.90,14.00,23.00
6,21.90,14.00,21.00
6,3.70,14.50,22.50
6,5.50,12.50,23.00
6,10.20,11.00,25.00
6,49.20,12.00,22.50
6,10.50,12.00,19.00
7,0.00,13.00,20.00
7,2.10,13.50,25.00
7,1.50,14.00,26.00
7,23.50,13.00,21.50
7,9.20,12.00,21.00
7,35.30,11.00,21.00
7,7.90,11.00,22.00
7,0.00,11.00,23.00
7,3.20,14.00,24.00
7,3.30,12.00,22.00
7,0.00,10.00,24.50
7,0.00,11.00,25.00
7,4.50,11.00,25.00
7,13.10,12.00,24.00
7,13.10,13.00,24.00
7,5.30,13.00,23.00
7,4.00,12.00,23.00
7,6.80,11.00,24.00
7,8.40,10.00,26.00
7,0.00,11.00,25.00
7,0.00,12.00,26.50
7,0.00,11.50,27.00
7,1.50,10.00,23.00
7,3.60,11.00,23.00
7,6.30,11.00,24.50
7,0.00,12.00,26.00
7,0.00,11.00,26.00
7,3.40,11.00,24.50
7,0.00,9.00,25.00
7,27.20,11.00,27.00
7,5.80,12.00,26.00
8,5.90,12.00,26.50
8,0.00,12.00,26.00
8,0.00,12.00,25.50
8,0.00,13.00,24.50
8,0.00,11.00,25.00
8,19.70,12.00,22.50
8,0.00,11.00,22.00
8,0.00,10.00,20.00
8,3.20,11.00,25.50
8,0.00,13.00,23.00
8,9.50,12.50,22.50
8,1.70,11.00,23.00
8,4.20,11.00,23.50
8,0.00,11.00,24.50
8,4.80,11.00,25.00
8,0.00,13.00,25.00
8,0.00,12.50,26.50
8,29.80,11.00,27.50
8,10.20,11.00,22.50
8,5.20,13.00,25.00
8,0.00,11.00,24.50
8,0.00,11.00,23.50
8,22.50,11.00,25.00
8,0.00,11.00,25.00
8,1.20,12.50,25.00
8,0.00,11.00,25.50
8,0.00,11.00,25.50
8,0.00,12.00,25.00
8,0.00,13.00,26.00
8,4.50,13.00,25.00
8,0.00,12.00,25.50
9,6.20,13.00,25.00
9,4.30,13.50,25.00
9,24.40,13.50,20.00
9,4.80,13.00,25.00
9,0.00,13.00,25.50
9,0.00,10.00,24.50
9,0.00,10.50,23.00
9,0.01,12.00,20.50
9,0.00,14.00,23.50
9,0.00,14.00,25.00
9,11.60,12.00,25.00
9,32.50,12.00,22.50
9,0.00,13.50,22.00
9,0.00,10.00,22.00
9,0.00,11.00,23.00
9,0.00,13.00,20.00
9,0.00,11.00,25.00
9,0.00,11.00,22.00
9,2.30,11.00,26.50
9,1.50,12.00,25.00
9,0.00,14.00,25.00
9,0.00,11.00,22.00
9,0.00,12.00,24.50
9,0.00,13.00,24.50
9,2.80,13.00,25.50
9,3.20,14.00,25.00
9,0.00,14.00,26.00
9,2.10,14.00,25.50
9,26.20,14.00,23.00
9,0.00,14.00,24.50
10,0.00,13.00,25.50
10,15.20,14.00,24.00
10,6.00,14.00,24.00
10,0.00,13.00,23.00
10,8.10,13.00,24.50
10,3.10,13.50,24.00
10,0.00,14.00,25.00
10,5.80,9.00,25.00
10,22.20,11.00,24.00
10,12.50,11.00,22.50
10,4.20,11.00,23.00
10,0.00,10.00,23.00
10,0.00,10.50,25.00
10,0.00,12.50,23.50
10,0.00,8.00,22.00
10,1.30,10.00,23.50
10,2.10,13.00,22.50
10,0.00,12.00,19.00
10,6.20,12.50,21.00
10,12.50,12.00,20.00
10,0.01,12.00,20.50
10,0.00,11.00,22.00
10,0.00,12.00,21.50
10,0.00,11.00,21.00
10,0.00,10.00,22.00
10,0.00,9.00,22.00
10,0.00,9.00,24.00
10,0.00,8.00,25.00
10,0.00,7.50,25.00
10,0.00,9.00,22.50
10,0.00,7.00,20.50
11,0.00,8.00,18.00
11,0.00,8.00,23.00
11,0.00,9.00,24.00
11,0.00,9.00,25.50
11,0.00,10.00,26.00
11,0.00,11.00,26.00
11,0.00,10.50,25.00
11,0.00,9.00,22.50
11,0.00,9.00,20.00
11,0.00,10.00,22.00
11,37.00,9.50,23.50
11,5.00,12.00,22.50
11,0.00,11.00,22.50
11,0.00,11.00,22.00
11,0.00,12.00,23.00
11,0.00,9.00,25.00
11,0.00,10.00,24.00
11,0.00,10.00,23.00
11,0.00,10.00,23.00
11,1.50,9.00,21.50
11,0.00,10.50,20.50
11,0.00,9.00,24.00
11,0.00,9.00,25.00
11,0.00,11.00,23.00
11,0.00,6.00,24.00
11,0.00,4.00,20.50
11,0.00,3.50,25.00
11,0.00,5.00,20.00
11,0.00,7.00,22.00
11,0.00,8.00,23.50
12,0.00,8.00,24.00
12,0.00,6.00,21.00
12,0.00,7.00,22.00
12,0.00,7.00,22.50
12,0.00,7.00,24.00
12,0.00,6.50,22.00
12,0.00,7.00,22.00
12,0.00,8.00,21.00
12,0.00,8.00,20.00
12,0.00,8.00,20.00
12,0.00,9.00,18.00
12,0.00,10.00,19.50
12,0.00,10.00,23.00
12,0.00,9.50,25.00
12,0.00,10.00,23.00
12,0.00,9.00,22.50
12,0.00,9.00,22.00
12,0.00,9.00,25.00
12,0.00,9.50,25.00
12,0.00,8.00,24.00
12,0.00,10.00,23.50
12,0.00,11.00,20.00
12,2.50,10.00,19.00
12,0.00,7.00,13.00
12,0.00,8.00,18.50
12,0.00,9.00,22.00
12,0.00,9.00,24.00
12,0.00,10.00,25.00
12,0.00,8.00,24.00
12,0.00,8.00,23.00
12,0.00,7.50,22.00
1,0.00,7.00,22.50
1,0.00,7.00,22.00
1,0.00,9.00,21.00
1,0.00,6.00,20.50
1,0.00,4.00,13.00
1,0.00,5.00,18.00
1,0.00,7.00,20.00
1,0.00,6.00,15.00
1,0.00,6.00,20.00
1,1.20,6.00,20.50
1,0.00,6.00,22.00
1,0.00,7.00,24.00
1,0.00,7.00,23.00
1,0.00,8.00,23.00
1,0.00,8.00,24.50
1,0.00,9.00,23.00
1,0.00,10.00,23.50
1,0.00,7.50,20.50
1,0.00,9.00,22.00
1,0.00,9.00,24.00
1,0.00,9.50,23.50
1,0.00,10.00,25.00
1,0.00,9.00,23.00
1,3.80,9.00,25.50
1,0.00,8.50,24.00
1,0.00,8.50,22.00
1,0.00,8.00,23.00
1,0.00,7.00,24.00
1,0.00,6.00,23.00
1,0.00,7.00,21.00
1,0.00,8.00,25.00
2,0.00,7.00,23.00
2,0.00,7.00,22.00
2,0.00,9.00,19.00
2,0.00,9.00,24.00
2,0.00,7.00,21.50
2,0.00,4.00,20.50
2,0.00,4.00,23.50
2,0.00,4.00,24.00
2,0.00,4.00,22.00
2,0.00,5.00,22.00
2,2.50,8.00,24.50
2,0.00,7.00,20.00
2,0.00,7.00,16.50
2,0.00,7.00,17.00
2,0.00,9.00,24.00
2,0.00,9.00,24.00
2,0.00,9.00,22.00
2,0.00,9.50,26.50
2,0.00,10.00,25.00
2,0.00,10.50,25.00
2,0.00,10.50,27.00
2,0.00,10.00,28.00
2,0.00,10.00,27.00
2,0.00,10.50,28.00
2,0.00,12.00,28.00
2,0.00,9.00,27.50
2,0.00,10.00,26.00
2,0.00,10.50,27.00
3,0.00,10.00,28.00
3,0.00,10.50,29.00
3,0.00,11.00,27.50
3,0.00,12.00,29.00
3,0.00,10.50,26.00
3,2.30,8.00,24.50
3,0.00,10.00,26.00
3,0.00,10.00,28.00
3,1.30,10.50,26.00
3,9.80,8.00,21.00
3,6.50,9.00,22.00
3,0.00,7.00,25.00
3,0.00,9.00,22.00
3,6.60,9.00,17.50
3,0.00,9.00,16.00
3,0.00,10.00,25.00
3,0.00,11.50,23.50
3,0.00,9.00,24.50
3,0.00,11.00,25.50
3,0.00,11.00,24.50
3,0.00,12.00,25.00
3,0.01,13.00,26.00
3,3.20,11.00,24.50
3,1.90,10.00,26.00
3,0.00,10.00,25.50
3,0.00,11.00,24.00
3,14.50,9.00,21.50
3,6.50,10.00,22.00
3,0.00,8.00,21.50
3,0.00,8.50,23.50
3,0.00,10.00,25.50
4,9.40,12.00,26.00
4,0.00,13.00,25.00
4,0.00,12.00,26.50
4,0.00,10.00,25.50
4,0.00,10.00,26.00
4,0.00,10.00,27.00
4,0.00,10.00,27.00
4,0.00,11.00,28.00
4,0.00,13.00,27.50
4,0.00,13.00,27.50
4,0.00,11.00,24.00
4,0.00,12.00,25.50
4,0.00,13.00,26.00
4,0.00,13.00,22.00
4,4.50,11.00,27.00
4,0.00,11.00,28.00
4,0.00,11.00,29.00
4,0.00,13.00,29.00
4,0.00,13.00,29.00
4,0.00,13.00,30.00
4,0.00,14.00,30.50
4,0.00,14.00,28.00
4,1.20,14.00,29.00
4,0.00,15.00,30.50
4,0.00,14.00,31.00
4,0.00,13.50,28.50
4,0.00,14.00,27.00
4,0.00,14.50,27.50
4,4.50,11.00,18.00
4,0.00,10.00,22.50
5,0.00,11.00,25.00
5,0.00,11.00,23.00
5,3.20,11.00,28.00
5,8.20,13.00,27.00
5,0.00,13.00,28.00
5,6.10,11.00,26.00
5,5.80,11.00,28.00
5,1.50,13.00,28.00
5,0.00,14.00,28.50
5,0.00,13.00,29.00
5,11.80,14.00,29.00
5,24.10,12.00,24.00
5,6.50,12.00,23.50
5,2.10,13.50,25.00
5,1.80,12.00,25.50
5,7.30,12.00,25.00
5,0.00,13.00,27.00
5,0.00,13.00,27.50
5,0.00,13.00,26.50
5,0.00,13.00,27.50
5,5.20,12.00,27.50
5,4.10,12.00,23.50
5,0.00,13.00,26.00
5,0.00,12.00,23.00
5,2.80,12.00,28.00
5,0.00,14.00,26.50
5,0.00,13.00,26.50
5,18.80,12.50,25.00
5,9.50,12.00,23.00
5,19.50,10.50,21.00
5,0.00,15.00,19.00
6,0.00,11.00,22.00
6,5.20,12.00,24.50
6,0.00,13.00,24.50
6,0.00,13.00,27.00
6,0.00,14.00,23.00
6,11.30,14.00,24.00
6,0.00,11.00,26.00
6,0.00,10.50,26.50
6,0.00,11.00,26.50
6,0.00,13.00,27.50
6,0.00,14.00,28.00
6,3.70,14.50,28.00
6,2.80,14.00,27.00
6,0.00,14.00,25.00
6,3.30,14.00,24.00
6,0.00,14.00,26.50
6,3.50,13.00,27.00
6,23.60,13.00,22.00
6,0.00,13.00,24.50
6,0.00,14.00,23.50
6,2.10,14.00,25.50
6,0.00,14.00,26.00
6,0.00,13.00,25.50
6,3.40,15.00,23.00
6,0.00,12.00,25.00
6,3.50,12.00,24.50
6,0.00,12.50,25.00
6,15.50,13.00,23.50
6,12.80,13.00,24.00
6,14.30,13.00,23.00
7,17.90,13.50,23.00
7,26.10,11.00,20.00
7,11.80,12.50,23.00
7,0.00,12.50,22.50
7,1.70,11.50,25.00
7,0.01,11.00,24.00
7,0.00,11.00,24.00
7,0.00,11.00,23.50
7,10.10,10.00,22.50
7,0.00,10.50,21.00
7,0.00,11.00,24.00
7,0.00,10.00,23.50
7,0.00,10.00,25.50
7,0.00,12.50,25.50
7,0.00,13.00,27.00
7,0.00,13.00,26.50
7,0.00,14.00,23.50
7,19.90,13.00,24.00
7,0.00,13.00,26.00
7,0.00,13.00,25.50
7,10.90,14.00,25.00
7,3.80,13.50,25.50
7,7.50,11.00,24.50
7,2.10,11.00,25.50
7,0.00,11.50,26.00
7,0.00,13.00,27.00
7,0.00,14.00,27.00
7,0.00,13.00,27.50
7,0.00,13.00,28.00
7,5.90,12.00,27.50
7,0.00,12.00,25.50
8,0.00,13.00,26.00
8,0.00,13.00,26.00
8,0.00,14.00,27.00
8,1.50,14.00,27.00
8,3.50,12.00,27.00
8,7.10,13.00,27.00
8,1.10,13.00,26.00
8,0.00,13.00,27.50
8,0.00,13.00,28.00
8,0.00,11.50,27.00
8,0.00,13.00,24.00
8,0.00,11.00,25.00
8,2.20,11.50,22.50
8,0.00,11.50,27.00
8,0.00,12.00,27.00
8,2.50,13.00,26.50
8,1.50,13.00,23.50
8,16.40,12.50,23.00
8,16.80,12.00,25.00
8,0.00,14.00,25.50
8,2.80,13.00,23.50
8,4.20,13.00,26.00
8,0.00,12.00,25.50
8,0.00,12.50,26.00
8,0.00,13.00,25.00
8,0.00,12.00,24.50
8,0.00,12.00,25.00
8,0.00,12.50,23.50
8,0.00,13.00,24.50
8,5.20,12.00,25.00
8,2.50,11.00,23.50
9,15.40,11.00,23.00
9,11.50,13.50,24.50
9,0.00,13.00,24.00
9,0.00,12.50,24.50
9,3.60,12.00,25.00
9,7.50,12.00,26.00
9,0.00,13.00,26.00
9,1.30,12.00,26.50
9,0.00,12.50,26.00
9,0.00,12.00,25.00
9,0.00,12.50,25.50
9,0.00,13.50,24.00
9,15.70,14.00,22.00
9,6.80,13.50,25.00
9,1.80,14.00,25.00
9,12.80,13.50,23.50
9,32.40,13.00,24.00
9,0.00,11.00,26.00
9,0.00,12.00,25.00
9,0.00,14.00,25.00
9,0.00,12.50,25.00
9,0.00,11.50,24.00
9,0.00,12.50,25.50
9,0.00,13.00,24.00
9,0.01,12.00,22.00
9,9.30,11.00,17.00
9,2.90,11.50,22.50
9,8.10,11.00,19.00
9,2.50,11.00,20.00
9,0.00,12.00,24.00
10,0.00,9.00,19.00
10,0.00,12.00,23.50
10,0.00,8.00,25.00
10,0.00,11.00,25.50
10,0.00,12.00,26.50
10,0.00,11.00,27.00
10,0.00,11.00,27.00
10,0.00,12.00,26.50
10,0.00,11.00,25.50
10,0.00,11.00,26.00
10,0.00,12.00,25.00
10,0.00,12.00,25.00
10,0.00,12.00,26.00
10,0.00,12.50,26.00
10,0.00,11.00,24.00
10,0.00,11.00,23.00
10,0.00,12.00,16.00
10,0.00,9.00,17.00
10,0.00,8.50,25.00
10,0.00,10.00,25.00
10,0.00,10.50,27.00
10,1.70,13.50,25.00
10,0.00,14.50,25.00
10,0.00,15.50,25.00
10,0.01,12.00,23.00
10,0.00,12.50,20.00
10,11.50,13.00,26.00
10,12.30,12.00,21.00
10,0.00,13.00,26.00
10,0.00,14.00,22.00
10,1.80,13.00,23.00
11,0.00,13.00,24.00
11,0.00,12.00,24.00
11,0.00,12.00,26.00
11,0.00,11.00,25.50
11,0.00,11.00,25.00
11,0.00,12.00,25.00
11,0.00,13.50,24.50
11,0.00,10.00,20.00
11,0.00,11.00,25.50
11,0.00,11.50,25.00
11,0.00,11.00,25.50
11,0.00,12.00,25.00
11,0.00,12.00,20.50
11,0.00,10.00,19.00
11,0.00,9.50,25.00
11,0.00,10.00,25.50
11,0.00,11.00,23.00
11,0.00,12.00,26.00
11,0.00,11.50,20.00
11,0.00,11.00,24.00
11,0.00,12.00,24.00
11,0.00,9.00,19.50
11,0.00,10.00,22.00
11,0.00,11.00,23.00
11,2.50,11.00,25.00
11,0.00,11.00,24.50
11,0.00,12.00,22.00
11,0.00,12.00,24.00
11,0.00,9.00,24.00
11,0.00,10.00,25.00
12,0.00,10.00,26.00
12,0.00,11.00,25.00
12,2.90,9.50,24.00
12,5.20,8.50,19.00
12,0.00,9.00,20.00
12,0.00,9.00,20.00
12,0.00,10.00,20.00
12,3.50,10.00,22.50
12,0.00,10.00,21.50
12,0.00,8.00,22.00
12,0.00,9.00,24.00
12,0.00,11.00,22.50
12,0.00,9.00,21.00
12,0.00,8.00,22.50
12,0.00,8.50,25.00
12,0.00,9.00,25.00
12,0.00,9.00,26.00
12,0.00,7.00,18.50
12,0.00,7.00,22.00
12,0.00,9.00,24.00
12,0.00,10.00,23.00
12,0.00,11.00,24.00
12,0.00,8.00,19.00
12,0.00,8.00,25.00
12,0.00,9.00,25.00
12,0.00,10.00,26.00
12,0.00,6.50,24.50
12,0.00,8.00,24.00
12,0.00,9.50,26.00
12,0.00,10.50,26.50
12,0.00,9.50,27.00
1,0.00,10.00,25.00
1,0.00,11.00,24.00
1,0.00,8.50,23.00
1,1.20,7.00,19.50
1,0.00,7.50,22.50
1,0.00,8.00,22.50
1,0.00,7.00,22.50
1,0.00,4.50,23.00
1,0.00,5.00,23.50
1,0.00,5.00,21.00
1,0.00,6.00,23.00
1,1.50,7.50,17.50
1,1.80,8.00,12.00
1,0.00,6.00,22.00
1,0.00,7.00,24.00
1,0.00,8.00,20.00
1,0.00,4.50,25.00
1,0.00,5.00,22.50
1,0.00,6.00,18.50
1,0.00,5.00,20.00
1,0.00,5.00,23.00
1,0.00,4.00,26.00
1,0.00,4.50,21.00
1,0.00,5.50,22.00
1,0.00,7.00,24.00
1,0.00,6.00,22.00
1,0.00,3.00,23.50
1,0.00,3.50,14.50
1,0.00,7.50,15.00
1,1.80,9.00,23.00
1,0.00,7.50,25.00
2,0.00,8.00,26.00
2,0.00,10.00,26.00
2,0.00,7.50,22.50
2,0.00,4.00,22.00
2,0.00,5.00,24.00
2,0.00,3.50,25.00
2,0.00,4.00,22.00
2,0.00,5.00,22.00
2,0.00,6.00,17.50
2,0.00,5.00,15.00
2,0.00,4.00,22.00
2,0.00,3.50,22.50
2,0.00,4.00,26.00
2,0.00,8.00,24.50
2,0.00,8.00,25.00
2,0.00,6.50,24.00
2,0.00,5.00,25.00
2,0.00,6.00,26.00
2,0.00,7.00,26.50
2,0.00,8.00,25.00
2,0.00,10.00,28.00
2,0.00,10.00,28.00
2,0.00,10.00,27.50
2,0.00,8.50,27.00
2,0.00,9.50,22.00
2,0.00,10.00,24.00
2,0.00,10.00,20.00
2,0.00,10.00,23.00
2,0.00,10.00,25.00
3,0.00,10.50,22.00
3,0.00,10.00,23.00
3,0.00,12.00,24.00
3,0.00,6.00,19.50
3,0.00,7.00,25.00
3,0.00,9.00,25.50
3,0.00,11.00,24.50
3,5.20,11.00,29.50
3,4.50,8.50,18.50
3,0.00,4.00,28.00
3,0.00,5.00,21.00
3,0.00,9.00,25.00
3,0.00,9.00,26.00
3,0.00,10.00,29.00
3,0.00,12.00,29.50
3,2.40,12.00,27.50
3,0.00,12.50,28.00
3,0.00,11.50,27.00
3,2.00,10.50,24.00
3,0.00,9.00,21.00
3,0.00,9.50,19.50
3,0.00,10.00,25.00
3,0.00,11.00,26.00
3,0.00,11.00,26.50
3,0.00,12.00,28.00
3,0.00,12.00,27.50
3,0.00,13.50,29.00
3,0.00,11.00,27.50
3,0.00,13.00,29.00
3,0.00,13.00,30.50
3,0.00,13.00,31.00
4,0.00,17.00,30.00
4,0.00,10.00,35.00
4,0.00,9.00,30.50
4,0.00,12.00,29.50
4,0.00,12.00,30.00
4,0.00,12.00,30.00
4,0.00,12.00,30.50
4,0.00,13.00,30.00
4,0.00,12.00,30.00
4,0.00,13.00,29.00
4,0.00,8.00,31.50
4,0.00,14.00,31.00
4,0.00,8.00,31.00
4,0.00,13.00,30.00
4,0.00,14.00,30.50
4,0.00,15.00,29.00
4,0.00,15.00,29.00
4,0.00,13.00,29.00
4,18.30,11.00,27.00
4,11.30,11.00,23.00
4,2.50,11.00,23.50
4,4.50,11.00,20.00
4,0.00,10.00,20.50
4,0.00,10.00,22.00
4,0.00,11.50,27.00
4,0.00,11.00,27.00
4,0.00,11.00,29.50
4,0.00,13.00,30.50
4,0.00,14.00,30.50
4,0.00,11.00,28.50
5,0.00,12.00,30.00
5,0.00,12.00,29.00
5,0.00,14.00,30.30
5,0.00,14.00,31.00
5,0.00,14.00,29.00
5,0.00,14.00,30.00
5,0.00,14.00,30.50
5,1.20,14.00,31.00
5,0.00,14.00,29.00
5,2.10,13.00,30.00
5,14.20,13.00,27.00
5,11.40,12.00,26.50
5,0.00,12.00,26.00
5,0.00,13.00,26.00
5,7.70,15.00,24.00
5,0.00,13.00,25.50
5,2.20,13.00,25.50
5,0.00,13.00,26.50
5,0.00,14.00,28.50
5,1.50,15.00,30.50
5,0.00,15.00,30.50
5,0.00,16.00,30.50
5,3.60,14.00,30.00
5,1.60,14.00,28.00
5,0.00,15.00,32.00
5,23.50,13.00,30.50
5,4.70,14.00,26.00
5,5.40,13.00,27.00
5,3.50,14.00,27.50
5,4.60,13.00,28.00
5,21.50,13.00,26.00
6,2.10,11.00,25.50
6,3.20,12.00,25.00
6,0.00,13.00,23.00
6,1.80,11.00,23.50
6,13.70,12.00,25.00
6,0.00,12.00,23.50
6,0.00,11.00,24.00
6,0.00,12.50,25.00
6,6.50,13.00,24.00
6,6.20,14.00,24.50
6,1.50,14.00,25.00
6,2.40,12.00,26.50
6,3.20,14.00,25.00
6,0.00,14.00,26.50
6,0.00,14.50,27.00
6,2.70,13.50,27.00
6,0.00,13.00,27.00
6,0.00,12.00,26.00
6,0.00,13.00,25.00
6,16.20,13.00,22.00
6,0.00,13.00,24.00
6,2.80,12.00,26.00
6,0.00,12.00,23.50
6,0.00,13.00,24.00
6,19.50,14.00,25.50
6,10.80,13.00,24.50
6,8.70,12.00,25.50
6,18.20,11.00,27.00
6,6.70,13.00,25.50
6,20.20,13.00,25.00
7,12.10,13.00,23.00
7,0.00,13.00,25.00
7,3.30,12.00,27.50
7,0.00,13.00,26.00
7,2.20,13.00,24.00
7,0.00,13.50,25.50
7,67.20,12.00,26.50
7,0.00,12.00,27.00
7,0.00,13.00,28.00
7,0.00,13.00,26.00
7,1.50,13.00,22.00
7,0.00,12.00,24.00
7,15.50,12.00,24.00
7,0.00,12.00,23.00
7,0.00,12.00,26.00
7,2.10,12.00,25.00
7,3.60,12.00,24.00
7,0.00,13.00,26.00
7,0.00,12.00,25.00
7,0.00,13.00,24.00
7,38.20,12.00,23.00
7,1.80,13.00,24.00
7,0.00,13.00,26.00
7,4.30,13.00,24.00
7,18.20,12.00,27.00
7,0.00,12.00,27.00
7,4.30,13.00,25.00
7,7.30,12.00,24.00
7,14.10,13.00,25.00
7,4.50,12.50,22.00
7,0.00,12.00,26.00
8,0.00,13.00,25.00
8,0.00,14.00,25.00
8,4.10,12.00,26.00
8,0.00,13.00,26.50
8,4.30,13.00,21.00
8,3.50,16.00,23.00
8,5.80,12.00,25.00
8,4.50,12.00,24.00
8,12.90,14.00,26.00
8,0.00,12.50,24.50
8,0.00,13.00,26.00
8,0.00,12.50,26.00
8,0.00,13.00,27.00
8,0.00,13.00,27.00
8,0.00,13.50,27.00
8,9.20,13.00,26.00
8,2.80,15.00,23.50
8,0.00,14.00,25.00
8,4.80,14.00,27.00
8,5.50,12.50,25.00
8,0.00,13.00,25.00
8,0.00,11.00,23.50
8,19.50,11.50,24.00
8,35.20,12.00,23.00
8,9.20,12.50,23.00
8,2.60,14.00,24.00
8,0.00,14.00,26.00
8,19.50,14.00,26.00
8,2.20,13.00,25.50
8,0.00,12.00,26.00
8,0.00,12.00,25.50
9,0.00,14.00,25.00
9,0.00,14.50,25.00
9,4.50,14.00,22.50
9,5.10,13.00,25.00
9,0.00,13.50,20.00
9,0.00,11.00,25.00
9,0.00,11.00,25.00
9,0.00,11.50,26.50
9,0.00,12.00,26.50
9,0.00,12.00,26.50
9,0.00,14.00,25.00
9,0.00,15.00,26.00
9,1.50,12.00,26.00
9,0.00,12.00,26.00
9,0.00,12.00,26.00
9,0.00,14.00,26.00
9,0.00,15.00,25.00
9,0.00,14.00,26.00
9,0.00,11.00,26.50
9,0.00,12.00,24.00
9,6.60,12.00,24.00
9,0.00,12.00,24.00
9,14.70,12.00,25.00
9,0.00,12.50,24.00
9,8.20,13.50,25.00
9,1.50,14.00,23.00
9,1.60,14.00,20.00
9,31.60,13.50,22.00
9,5.70,13.00,24.00
9,5.80,12.00,23.50
10,4.90,12.00,23.00
10,0.00,12.00,24.00
10,0.00,12.50,26.00
10,0.00,13.00,25.50
10,0.00,13.00,26.00
10,0.00,12.00,26.00
10,0.00,12.00,25.00
10,1.50,12.00,22.50
10,0.00,10.00,18.00
10,0.00,11.00,22.00
10,0.00,13.00,25.00
10,0.00,14.00,25.00
10,0.00,14.50,26.00
10,0.00,10.00,25.00
10,0.00,10.00,25.00
10,0.00,11.00,25.00
10,0.00,11.00,24.00
10,0.00,12.00,25.50
10,0.00,11.00,25.00
10,0.00,12.50,25.00
10,0.00,11.00,24.00
10,0.00,10.50,23.50
10,0.00,12.00,22.00
10,0.00,11.00,24.50
10,0.00,10.00,23.00
10,1.50,10.00,23.00
10,0.00,7.00,18.50
10,0.00,9.00,17.00
10,0.00,9.50,21.00
10,1.50,11.50,23.00
10,14.20,9.00,20.00
11,0.00,8.50,24.00
11,1.50,11.00,25.00
11,0.00,11.50,23.00
11,0.00,12.00,21.50
11,0.00,11.00,22.00
11,0.00,11.00,24.00
11,0.00,11.00,25.50
11,20.00,10.50,22.50
11,12.50,9.50,17.00
11,0.00,10.00,16.50
11,2.50,10.00,17.00
11,0.00,11.00,19.00
11,0.00,11.00,24.00
11,0.00,12.00,22.00
11,0.00,12.00,21.00
11,6.60,9.50,15.00
11,0.00,10.00,19.50
11,0.00,10.00,22.00
11,0.00,7.00,15.00
11,0.00,6.00,18.50
11,0.00,7.00,22.00
11,0.00,7.00,22.50
11,0.00,7.50,22.50
11,0.00,7.00,21.50
11,0.00,6.50,22.00
11,0.00,7.00,19.00
11,0.00,6.50,21.50
11,0.00,7.00,24.50
11,0.00,9.00,26.00
11,0.00,10.00,26.00
12,0.00,10.00,26.00
12,0.00,10.00,25.00
12,0.00,11.00,26.50
12,0.00,11.00,26.00
12,0.00,7.50,24.00
12,0.00,8.00,25.00
12,0.00,9.00,26.00
12,0.00,10.50,26.00
12,0.00,9.00,21.00
12,0.00,9.00,21.00
12,0.00,9.00,23.00
12,0.00,9.00,26.00
12,0.00,7.00,21.50
12,0.00,7.00,25.00
12,4.20,10.00,23.00
12,0.00,9.50,22.50
12,0.00,11.00,24.00
12,0.00,10.00,24.50
12,0.00,8.50,22.00
12,0.00,7.00,22.50
12,0.00,8.00,24.00
12,0.00,7.00,23.00
12,0.00,8.00,23.00
12,0.00,7.50,24.00
12,0.00,8.00,23.00
12,0.00,8.00,23.50
12,0.00,8.50,23.00
12,0.00,10.00,24.00
12,0.00,11.00,24.00
12,0.00,8.50,19.00
12,0.00,8.00,23.00
1,0.00,8.00,24.00
1,0.00,8.00,24.50
1,0.00,7.50,24.00
1,0.00,8.00,25.00
1,0.00,7.00,26.50
1,0.00,8.50,21.00
1,0.00,5.50,24.00
1,0.00,3.00,17.00
1,0.00,4.00,25.00
1,0.00,5.00,18.00
1,0.00,6.50,24.00
1,0.00,5.00,23.00
1,0.00,5.00,23.50
1,0.00,6.00,22.00
1,0.00,6.50,23.00
1,0.00,7.00,24.00
1,0.00,8.00,23.50
1,0.00,8.50,24.00
1,0.00,9.50,24.50
1,0.00,8.00,25.50
1,0.00,6.00,25.50
1,0.00,6.00,24.50
1,0.00,6.50,25.00
1,0.00,7.00,25.00
1,0.00,8.00,27.00
1,0.00,8.50,26.50
1,0.00,8.00,26.00
1,0.00,7.00,26.00
1,0.00,5.00,19.00
1,0.00,7.00,21.00
1,0.00,8.00,24.00
2,0.00,8.00,24.00
2,0.00,5.50,23.00
2,0.00,7.00,23.00
2,0.00,7.00,25.00
2,0.00,7.50,25.50
2,0.00,8.00,25.00
2,0.00,9.00,26.00
2,0.00,7.00,26.50
2,0.00,7.00,25.00
2,0.00,6.00,26.00
2,0.00,6.00,27.50
2,0.00,9.00,28.00
2,0.00,9.00,27.00
2,0.00,7.50,27.00
2,0.00,8.00,27.50
2,0.00,9.00,24.50
2,0.00,7.00,24.50
2,0.00,8.00,28.50
2,0.00,8.00,26.00
2,0.00,9.00,27.00
2,0.00,8.00,25.00
2,0.00,8.50,26.00
2,0.00,7.50,28.00
2,0.00,8.00,27.00
2,0.00,9.00,27.00
2,0.00,10.00,27.50
2,0.00,11.00,28.50
2,0.00,10.00,31.00
3,0.00,10.00,19.00
3,0.00,9.00,26.00
3,2.70,9.00,26.50
3,0.00,10.00,26.00
3,0.00,10.50,24.50
3,0.00,10.00,27.00
3,0.00,9.00,24.00
3,0.00,9.00,26.00
3,2.50,8.50,24.00
3,1.20,9.50,24.00
3,0.00,10.00,26.50
3,0.00,8.00,25.50
3,1.20,7.50,24.00
3,0.00,9.00,24.50
3,9.70,7.00,21.00
3,1.50,7.50,23.00
3,0.00,7.50,25.00
3,0.00,7.00,24.50
3,0.00,7.00,25.00
3,0.00,8.00,24.50
3,0.00,9.00,26.50
3,0.00,7.00,26.00
3,0.00,9.50,28.00
3,0.00,11.00,29.00
3,0.00,10.50,30.00
3,0.00,10.00,28.50
3,0.00,7.00,28.50
3,0.00,11.00,29.00
3,0.00,10.00,30.00
3,0.00,6.50,29.50
3,0.00,10.00,27.00
4,0.00,8.00,31.00
4,0.00,10.00,29.50
4,0.00,10.00,31.00
4,0.00,10.00,30.00
4,0.00,12.00,32.00
4,0.00,12.00,29.00
4,0.00,12.00,29.00
4,0.00,12.00,29.00
4,0.00,13.00,30.00
4,1.20,13.00,29.50
4,0.00,9.50,28.00
4,0.00,10.00,27.00
4,0.00,10.00,26.50
4,0.00,11.00,27.00
4,0.00,11.00,27.50
4,4.20,10.00,22.00
4,0.00,11.00,26.00
4,6.80,12.00,24.00
4,0.00,7.50,23.00
4,0.00,9.50,26.00
4,0.00,10.50,28.00
4,0.00,10.50,28.00
4,2.80,11.00,27.00
4,0.00,11.50,22.00
4,0.00,13.00,28.00
4,0.00,12.00,31.00
4,0.00,8.00,29.50
4,0.00,16.00,31.00
4,0.00,11.00,30.50
4,0.00,12.00,34.00
5,0.00,14.00,32.00
5,0.00,14.00,30.00
5,0.00,14.00,35.00
5,8.30,13.00,27.00
5,1.70,11.00,26.00
5,0.00,11.50,29.00
5,0.00,12.00,29.00
5,4.80,7.50,28.50
5,0.00,13.00,28.00
5,0.00,13.50,28.00
5,6.70,12.50,30.00
5,7.40,12.00,29.00
5,0.00,13.00,28.00
5,0.00,12.00,27.00
5,0.00,13.00,25.00
5,0.00,16.00,31.00
5,0.00,16.00,32.00
5,0.00,16.00,32.50
5,0.00,15.00,33.00
5,0.00,16.00,33.00
5,0.00,16.00,32.00
5,0.00,16.50,32.00
5,7.40,17.00,33.50
5,6.80,16.00,31.00
5,9.80,13.50,29.00
5,0.00,14.00,30.00
5,0.00,15.00,31.00
5,0.00,15.00,32.00
5,0.00,14.00,24.00
5,0.00,14.50,28.00
5,0.00,15.00,25.00
6,0.00,13.00,24.00
6,0.00,14.00,24.00
6,4.20,13.00,30.00
6,2.20,13.50,31.00
6,1.50,14.50,30.00
6,2.50,12.00,29.00
6,14.70,13.50,29.00
6,0.00,14.00,29.50
6,3.50,14.00,28.00
6,21.20,12.50,28.00
6,3.60,13.00,30.00
6,0.00,13.00,31.00
6,6.70,13.50,28.00
6,20.20,13.00,26.00
6,0.00,11.00,27.00
6,0.00,12.50,29.00
6,0.00,12.00,29.00
6,0.00,12.00,30.00
6,0.00,12.00,29.00
6,0.00,11.00,26.00
6,0.00,11.00,27.00
6,0.00,13.00,31.50
6,0.00,13.00,32.00
6,0.00,14.00,27.50
6,6.80,14.00,25.00
6,9.40,14.00,26.00
6,26.50,14.00,27.00
6,15.20,14.00,27.00
6,6.90,13.50,25.00
6,3.40,13.00,23.50
7,3.80,13.00,23.00
7,5.20,14.00,25.50
7,16.50,13.00,25.50
7,11.50,12.00,24.50
7,3.50,11.00,23.00
7,0.00,12.00,23.00
7,7.20,13.00,22.00
7,9.30,13.50,21.00
7,5.80,13.00,21.00
7,10.40,12.00,21.00
7,27.70,12.00,23.50
7,4.20,12.00,24.00
7,0.00,12.00,28.00
7,0.00,12.00,26.00
7,0.00,12.00,26.50
7,1.80,11.00,27.00
7,0.00,12.00,26.00
7,10.80,13.00,23.00
7,0.00,13.00,25.00
7,6.40,11.00,25.50
7,16.70,12.00,26.00
7,1.20,12.00,26.00
7,0.00,13.00,22.50
7,12.20,12.00,24.50
7,14.80,13.00,24.50
7,0.00,13.00,25.00
7,6.50,11.00,24.50
7,0.00,11.00,28.00
7,0.00,12.50,28.00
7,0.00,12.00,28.00
7,0.00,12.00,28.00
8,1.50,13.00,28.00
8,2.70,13.50,27.50
8,1.20,13.50,26.50
8,0.00,14.00,25.50
8,0.00,13.00,28.00
8,0.00,14.00,25.00
8,0.00,15.00,29.00
8,0.00,13.00,28.50
8,12.50,13.00,22.00
8,2.20,12.00,19.00
8,0.00,12.00,26.00
8,0.00,12.50,25.00
8,4.20,12.50,27.00
8,10.80,13.00,27.00
8,0.00,13.00,27.00
8,0.00,14.00,26.00
8,13.60,13.00,27.00
8,6.80,13.00,27.00
8,0.00,13.00,25.00
8,0.00,13.00,27.00
8,0.00,13.00,26.00
8,11.50,13.00,27.00
8,0.00,13.00,26.00
8,0.00,13.50,26.00
8,2.50,14.00,24.00
8,1.80,14.00,27.00
8,7.20,14.00,24.00
8,2.50,13.50,25.00
8,37.90,13.00,21.00
8,43.80,12.00,22.00
8,7.50,13.00,22.00
9,1.00,13.00,24.00
9,0.00,13.00,23.00
9,2.50,12.00,24.50
9,21.50,12.50,22.50
9,16.80,13.00,22.00
9,0.00,12.00,23.00
9,0.00,13.00,20.50
9,1.80,12.00,20.00
9,0.00,12.00,19.50
9,0.00,9.00,19.00
9,0.00,7.50,21.50
9,0.00,13.00,24.00
9,0.00,10.00,24.00
9,0.00,12.00,26.00
9,0.00,12.00,26.50
9,0.00,13.00,26.00
9,52.60,13.00,29.00
9,1.30,14.00,26.00
9,0.00,15.00,27.00
9,10.80,13.00,26.00
9,0.00,13.00,26.00
9,0.00,13.00,26.50
9,0.00,13.50,25.00
9,0.00,14.00,25.00
9,2.50,14.00,25.50
9,5.80,14.00,26.50
9,3.80,13.00,24.00
9,1.50,13.00,22.50
9,0.00,13.00,20.00
9,0.00,13.50,20.00
10,6.30,13.00,22.50
10,0.00,12.00,20.50
10,1.80,12.50,21.00
10,0.00,11.50,23.50
10,0.00,11.00,24.00
10,0.00,12.00,23.00
10,0.00,9.00,26.00
10,7.90,13.00,25.50
10,0.00,12.00,26.00
10,0.00,13.00,24.50
10,0.00,10.50,21.00
10,0.00,11.00,19.00
10,0.00,11.00,22.00
10,9.20,11.50,25.00
10,0.00,13.00,25.00
10,0.00,12.00,22.00
10,0.00,10.00,20.50
10,0.00,11.00,25.00
10,0.00,18.00,25.50
10,0.00,11.00,26.00
10,0.00,11.00,22.50
10,0.00,10.00,26.00
10,0.00,10.00,22.50
10,0.00,9.00,21.00
10,0.00,6.00,20.00
10,0.00,7.00,24.00
10,0.00,8.00,25.00
10,0.00,8.50,25.00
10,0.00,10.50,25.00
10,1.10,12.00,24.50
10,4.60,12.00,25.50
11,0.00,13.00,25.00
11,0.00,11.00,27.00
11,0.00,9.00,22.00
11,0.00,8.00,26.00
11,0.00,9.00,26.50
11,0.00,13.00,27.00
11,0.00,13.00,27.00
11,0.00,9.00,30.00
11,0.00,9.00,25.50
11,0.00,9.50,25.00
11,0.00,9.00,25.00
11,0.00,9.50,25.50
11,0.00,7.00,23.50
11,0.00,8.50,22.00
11,0.00,6.00,24.00
11,0.00,7.00,24.50
11,0.00,6.00,25.00
11,0.00,7.00,25.50
11,0.00,7.00,21.50
11,0.00,7.00,24.00
11,0.00,8.00,24.00
11,0.00,4.00,20.50
11,0.00,4.00,20.00
11,0.00,4.50,22.50
11,0.00,5.00,24.00
11,0.00,4.00,22.50
11,0.00,5.00,24.00
11,0.00,5.00,24.00
11,0.00,5.50,24.00
11,0.00,3.50,22.00
12,0.00,4.00,21.00
12,0.00,6.00,23.00
12,0.00,7.00,24.00
12,0.00,7.00,25.00
12,0.00,7.00,26.00
12,0.00,7.00,26.00
12,0.00,9.00,26.00
12,0.00,3.00,24.00
12,0.00,1.00,24.00
12,0.00,1.00,19.00
12,0.00,2.00,22.00
12,0.00,2.50,22.00
12,0.00,4.00,24.00
12,0.00,6.00,25.00
12,0.00,7.00,27.00
12,0.00,8.00,24.00
12,0.00,8.00,22.00
12,0.00,8.00,25.50
12,0.00,8.00,24.50
12,0.00,7.50,26.00
12,0.00,7.00,26.00
12,0.00,7.00,26.00
12,0.00,6.50,24.00
12,0.00,7.00,26.00
12,0.00,6.00,23.00
12,0.00,6.00,23.00
12,0.00,5.00,24.00
12,0.00,6.00,23.50
12,0.00,6.00,22.00
12,0.00,5.50,24.00
12,0.00,6.00,24.00
1,0.00,5.00,25.00
1,0.00,5.00,23.00
1,0.00,6.00,23.50
1,0.00,6.00,23.00
1,0.00,6.50,24.00
1,0.00,5.00,24.00
1,0.00,4.50,20.00
1,0.00,4.50,22.00
1,0.00,4.00,24.00
1,0.00,5.00,26.00
1,0.00,6.50,25.50
1,0.00,4.50,23.00
1,0.00,1.00,21.00
1,0.00,1.00,20.50
1,0.00,2.00,22.50
1,0.00,3.00,23.00
1,0.00,3.00,22.00
1,0.00,4.00,22.00
1,0.00,4.00,23.00
1,0.00,4.50,24.00
1,0.00,6.00,26.00
1,0.00,6.00,27.00
1,0.00,7.50,25.50
1,16.70,6.00,22.00
1,0.00,6.50,20.00
1,0.00,6.50,22.00
1,0.00,7.00,23.50
1,0.01,7.00,14.00
1,0.00,2.00,12.00
1,0.00,2.00,13.50
1,0.00,5.00,22.50
2,0.00,7.00,25.00
2,0.00,8.00,26.00
2,0.00,8.00,26.00
2,0.00,9.00,27.50
2,0.00,9.50,28.00
2,0.00,9.00,28.00
2,0.00,9.50,25.00
2,0.01,8.00,24.00
2,6.50,8.00,22.00
2,0.00,8.00,20.00
2,0.00,8.00,24.00
2,0.00,9.00,25.00
2,0.00,11.50,24.00
2,0.00,9.00,26.00
2,0.00,8.00,26.50
2,0.00,8.00,28.50
2,0.00,8.00,27.00
2,0.00,9.00,27.00
2,0.00,11.00,26.00
2,0.00,10.00,26.50
2,0.00,10.00,27.00
2,6.70,10.00,27.00
2,0.00,10.50,26.00
2,0.00,10.00,28.00
2,0.00,11.00,27.00
2,0.00,11.00,27.50
2,0.00,11.50,28.00
2,0.00,12.00,29.00
3,0.00,11.00,28.50
3,0.00,7.00,28.50
3,0.00,9.00,29.00
3,0.00,10.00,29.50
3,0.00,11.50,29.00
3,0.00,11.00,29.00
3,2.20,8.00,25.00
3,0.00,9.00,27.00
3,0.27,10.00,27.00
3,0.00,11.00,30.00
3,0.00,11.50,31.50
3,0.00,11.00,30.00
3,0.00,10.00,29.00
3,8.10,10.00,28.50
3,1.20,10.00,29.00
3,0.00,10.50,28.50
3,0.00,11.00,25.00
3,0.00,11.50,28.50
3,0.00,11.00,31.00
3,0.00,11.00,31.00
3,0.00,12.00,29.50
3,0.00,11.00,28.00
3,0.00,9.50,28.50
3,0.00,9.00,30.00
3,0.00,10.50,32.00
3,0.00,12.00,31.00
3,0.00,13.00,32.00
3,0.00,12.00,31.00
3,0.00,11.00,31.00
3,0.00,12.50,32.50
3,0.00,8.00,27.00
4,0.00,9.00,28.00
4,0.00,11.00,30.00
4,1.80,11.50,29.50
4,1.70,11.50,29.00
4,5.80,12.50,28.00
4,5.30,9.50,26.00
4,0.00,9.00,29.00
4,0.01,11.00,29.50
4,3.20,11.00,29.00
4,4.70,10.00,26.00
4,3.50,10.00,25.50
4,0.00,11.00,25.00
4,0.00,10.50,27.00
4,0.00,10.00,29.00
4,0.00,10.00,27.50
4,0.00,10.50,28.00
4,0.00,13.00,29.00
4,0.00,12.00,29.50
4,0.00,10.50,29.50
4,0.00,11.00,28.50
4,4.80,12.00,31.00
4,9.30,13.00,30.00
4,0.00,14.00,28.00
4,4.20,11.00,26.00
4,0.00,11.50,25.00
4,5.40,12.50,29.00
4,1.20,11.00,29.00
4,0.00,12.00,26.00
4,0.00,12.50,28.50
4,0.00,11.00,28.00
5,3.60,11.50,27.50
5,0.00,12.00,25.00
5,0.00,13.00,29.50
5,3.50,12.50,28.00
5,0.01,11.00,25.00
5,0.00,12.00,26.00
5,0.00,13.00,25.50
5,15.20,11.00,19.00
5,0.00,11.50,26.00
5,1.10,12.00,27.00
5,0.00,12.00,29.00
5,6.90,13.00,31.00
5,0.00,12.00,30.00
5,0.00,14.00,30.00
5,0.00,13.00,30.50
5,0.00,13.50,31.00
5,0.00,13.00,30.00
5,0.00,13.50,32.00
5,8.30,14.00,33.00
5,5.20,12.50,33.00
5,1.20,12.50,31.50
5,4.20,13.00,30.00
5,0.00,12.50,30.00
5,0.00,13.00,29.50
5,0.00,11.50,29.00
5,0.00,11.00,30.50
5,0.00,11.50,31.00
5,0.00,13.00,33.00
5,0.00,13.50,34.00
5,0.00,14.00,34.00
5,0.00,13.50,34.00
6,0.00,13.00,33.50
6,0.00,13.00,30.00
6,0.00,11.50,29.50
6,0.00,12.50,31.00
6,1.70,13.00,32.50
6,0.00,13.00,32.50
6,0.00,13.50,32.00
6,38.20,13.00,28.50
6,9.20,12.00,25.00
6,0.00,13.00,31.00
6,29.10,14.50,29.00
6,14.50,14.00,24.00
6,17.50,13.00,23.00
6,30.30,13.50,25.00
6,5.80,14.00,24.00
6,0.00,14.00,28.00
6,10.80,14.00,26.00
6,15.80,12.00,22.00
6,4.20,12.00,25.00
6,1.80,13.50,23.00
6,0.01,12.00,22.50
6,0.00,13.00,27.00
6,0.00,13.00,27.00
6,14.20,14.00,25.00
6,4.80,13.00,23.00
6,20.50,12.00,25.00
6,3.20,12.00,26.00
6,1.20,12.00,25.00
6,2.40,10.50,25.50
6,8.30,11.00,27.00
7,0.00,12.00,28.00
7,0.01,13.00,27.50
7,0.00,12.00,23.00
7,0.00,11.50,26.00
7,0.00,10.50,26.00
7,0.00,11.00,23.00
7,6.50,11.50,24.00
7,8.60,10.50,23.50
7,6.20,11.00,26.00
7,13.40,10.00,25.00
7,17.30,11.00,24.00
7,0.00,11.00,25.00
7,12.20,11.00,25.50
7,12.50,12.00,25.00
7,0.00,11.00,27.00
7,0.00,13.00,27.00
7,13.60,11.00,26.00
7,0.00,11.00,27.00
7,0.00,12.00,28.00
7,0.00,11.00,26.00
7,0.00,11.50,28.00
7,0.00,11.00,28.00
7,0.00,12.50,31.00
7,0.00,12.00,30.00
7,0.00,12.00,32.00
7,3.20,11.50,29.00
7,5.20,11.00,28.00
7,0.00,12.50,28.00
7,0.00,11.00,28.00
7,2.50,11.00,28.00
7,12.50,11.50,25.00
8,0.00,11.00,27.00
8,0.00,12.00,25.00
8,3.70,13.00,22.50
8,14.50,12.00,22.00
8,5.80,11.50,24.00
8,24.70,11.00,24.00
8,6.70,12.00,26.00
8,5.80,12.00,26.00
8,6.30,11.50,25.00
8,14.30,11.50,23.00
8,1.80,12.00,25.00
8,1.20,12.00,21.00
8,0.01,10.50,23.00
8,0.01,11.50,26.00
8,8.20,12.00,26.00
8,0.01,11.00,26.00
8,8.20,11.00,26.00
8,0.00,13.00,24.00
8,0.00,12.00,27.00
8,3.80,12.00,25.50
8,4.20,12.00,22.00
8,7.80,13.00,24.00
8,0.00,12.00,26.00
8,3.50,11.00,26.00
8,2.50,12.00,26.00
8,2.50,12.00,24.00
8,0.01,12.50,25.00
8,0.01,13.00,23.50
8,0.00,11.00,22.00
8,7.30,12.50,25.00
8,2.50,11.50,26.00
9,0.01,12.00,26.00
9,18.20,11.50,25.00
9,0.01,13.00,25.50
9,0.00,12.00,26.50
9,2.40,12.00,25.00
9,0.01,12.00,25.50
9,0.00,12.00,26.00
9,0.00,11.00,26.50
9,0.00,12.00,28.00
9,0.00,13.50,27.00
9,17.50,12.00,24.00
9,25.20,12.50,26.50
9,0.01,12.50,25.00
9,0.00,13.00,25.00
9,0.00,14.00,26.00
9,0.00,13.00,24.00
9,1.50,12.00,24.00
9,7.50,12.00,24.00
9,0.00,12.00,25.00
9,0.00,11.00,26.00
9,3.20,13.00,27.00
9,11.70,14.00,27.00
9,11.30,11.50,25.50
9,0.01,13.00,25.50
9,0.00,12.00,25.00
9,8.20,13.00,24.00
9,0.00,12.00,23.50
9,0.00,11.00,24.00
9,4.10,12.00,23.50
9,0.00,12.50,25.00
10,0.00,10.00,24.00
10,0.00,11.00,23.00
10,0.00,13.00,22.00
10,0.00,11.00,24.00
10,0.00,11.00,23.00
10,21.50,11.00,25.00
10,0.00,12.00,24.00
10,4.60,11.00,23.00
10,12.20,12.00,25.50
10,73.20,13.00,25.00
10,0.00,13.00,24.00
10,10.30,12.50,24.50
10,0.00,12.50,24.00
10,0.00,12.00,26.00
10,0.00,13.00,26.00
10,5.60,10.50,25.00
10,0.00,11.00,20.00
10,0.00,11.50,20.00
10,0.00,11.50,22.00
10,0.00,12.00,20.00
10,2.60,11.50,20.00
10,0.00,11.00,25.00
10,0.00,9.50,26.00
10,0.00,10.00,26.00
10,0.00,12.00,26.00
10,5.20,11.00,26.50
10,0.00,10.50,21.00
10,0.00,12.00,21.00
10,2.30,11.00,22.50
10,14.30,11.00,24.00
10,1.80,10.00,25.00
11,14.80,11.00,24.00
11,9.20,11.00,20.00
11,9.30,10.50,22.50
11,0.01,10.00,18.00
11,0.00,9.00,24.00
11,0.00,9.00,25.00
11,0.00,11.00,25.50
11,0.00,11.00,26.00
11,0.00,10.00,25.00
11,0.00,11.00,25.00
11,0.00,11.00,25.00
11,8.20,11.00,26.00
11,8.90,4.00,19.00
11,13.20,3.00,9.00
11,0.00,4.00,20.00
11,0.00,5.00,22.00
11,0.00,7.00,23.00
11,0.00,5.50,22.00
11,0.00,6.00,25.00
11,0.00,8.00,25.00
11,0.00,8.50,24.00
11,0.00,8.50,25.00
11,0.00,9.00,26.00
11,0.00,10.00,26.00
11,0.00,9.50,27.00
11,0.00,9.00,23.00
11,0.00,9.00,24.50
11,0.00,12.00,20.00
11,0.00,10.00,19.00
11,0.00,8.00,21.00
12,0.00,7.00,26.00
12,0.00,8.00,26.00
12,0.00,8.00,26.00
12,18.50,9.00,25.00
12,0.00,7.50,20.00
12,0.01,8.50,24.00
12,0.00,8.50,25.00
12,0.00,8.50,25.50
12,0.00,9.00,23.00
12,0.00,7.00,21.00
12,0.00,7.00,21.00
12,0.00,7.00,24.00
12,0.00,6.00,22.00
12,0.00,4.50,19.00
12,0.00,2.00,20.00
12,0.00,4.50,22.00
12,0.00,5.00,22.50
12,0.00,7.00,24.50
12,0.00,4.50,23.00
12,0.00,2.00,20.00
12,0.00,2.50,21.00
12,0.00,3.00,22.00
12,0.00,3.50,23.00
12,0.00,3.50,23.50
12,0.00,4.50,22.00
12,0.00,7.00,23.00
12,0.00,6.00,24.50
12,0.00,6.00,23.00
12,0.00,8.00,26.00
12,0.00,7.00,24.00
12,0.00,6.00,24.00
1,0.00,6.00,24.50
1,0.00,6.00,22.00
1,0.00,6.00,24.50
1,0.00,7.50,25.00
1,0.00,6.50,25.00
1,0.00,7.00,25.00
1,0.00,5.00,24.00
1,0.00,4.00,24.00
1,0.00,5.00,22.00
1,0.00,7.00,23.00
1,0.00,8.00,25.00
1,3.20,10.00,22.00
1,0.00,9.00,19.50
1,0.00,6.00,20.00
1,0.00,6.00,21.50
1,0.00,8.00,23.00
1,0.00,9.00,22.00
1,0.00,7.50,23.00
1,0.00,7.00,23.00
1,0.00,5.00,24.00
1,0.00,5.00,25.50
1,0.00,5.50,25.50
1,0.00,7.00,26.00
1,0.00,7.00,26.00
1,0.00,7.50,26.50
1,0.00,7.50,25.00
1,0.00,5.00,20.00
1,0.00,5.00,25.50
1,0.00,6.50,23.00
1,0.00,6.00,26.00
1,0.00,6.00,25.50
2,0.00,5.50,25.00
2,0.00,7.00,26.00
2,0.00,7.00,27.00
2,0.00,9.00,28.00
2,0.00,9.00,28.00
2,0.00,10.00,29.00
2,0.00,10.00,28.00
2,0.00,7.00,20.00
2,0.00,6.50,23.50
2,0.00,7.50,26.00
2,0.00,9.50,28.00
2,0.00,8.50,23.00
2,0.01,9.00,25.00
2,0.00,10.00,26.50
2,0.00,10.50,29.00
2,0.00,11.00,31.00
2,0.00,11.00,32.00
2,0.00,10.00,33.00
2,0.00,9.00,30.00
2,0.00,9.50,29.00
2,0.00,9.00,28.00
2,0.00,10.00,29.00
2,0.01,11.00,27.00
2,0.00,11.00,26.00
2,2.80,9.00,26.00
2,0.00,9.00,22.00
2,0.00,9.50,30.00
2,0.00,10.50,29.00
3,0.00,12.00,30.50
3,0.00,12.00,31.00
3,0.00,12.00,31.00
3,4.10,10.00,30.00
3,0.00,10.00,29.00
3,0.00,10.50,29.00
3,1.50,11.00,30.00
3,0.00,12.00,30.00
3,0.00,12.00,31.00
3,0.00,12.50,31.00
3,0.00,10.50,33.00
3,0.00,11.00,32.00
3,0.00,12.00,31.00
3,0.00,7.00,31.00
3,0.00,10.00,28.00
3,0.00,10.00,27.00
3,0.00,9.50,26.50
3,0.00,8.00,27.00
3,0.00,9.00,27.50
3,0.00,9.00,28.00
3,0.00,9.00,26.00
3,0.00,9.00,26.00
3,0.00,10.00,27.00
3,0.00,10.00,28.50
3,0.00,7.00,29.00
3,0.00,7.00,28.00
3,0.00,8.50,28.00
3,0.00,8.00,29.00
3,0.00,10.00,31.00
3,0.00,14.00,32.00
3,0.00,13.00,29.00
4,0.00,11.50,29.50
4,0.00,12.00,30.00
4,0.00,12.00,29.50
4,0.00,13.00,28.50
4,0.01,12.00,28.00
4,0.00,10.50,28.00
4,0.00,12.00,30.00
4,0.01,10.00,27.00
4,0.00,9.50,25.50
4,0.00,10.00,31.00
4,0.00,12.50,31.00
4,0.00,12.00,31.00
4,0.00,10.00,31.00
4,0.00,10.00,31.00
4,0.00,11.00,33.00
4,0.00,14.00,34.00
4,5.00,12.50,33.00
4,0.00,10.00,32.00
4,0.00,9.00,27.00
4,0.00,9.50,30.00
4,0.00,12.00,33.00
4,0.01,13.50,31.00
4,0.00,13.00,32.00
4,0.00,11.50,31.00
4,0.00,12.50,33.50
4,0.00,13.00,30.00
4,0.00,12.00,29.00
4,0.00,14.00,30.00
4,0.00,11.00,30.00
4,2.50,10.00,30.00
5,0.00,11.00,32.00
5,0.00,13.50,32.00
5,0.00,13.50,31.00
5,0.00,14.00,29.00
5,0.00,13.50,30.00
5,0.00,11.50,31.00
5,0.00,12.00,33.00
5,0.00,12.00,34.00
5,0.00,13.00,32.00
5,0.00,13.00,35.00
5,0.00,13.50,34.00
5,0.00,13.50,32.50
5,0.00,12.00,33.00
5,0.00,12.50,34.00
5,0.01,14.00,30.50
5,4.70,13.00,30.00
5,4.90,12.50,28.00
5,1.20,12.00,32.00
5,0.00,13.00,33.00
5,0.00,14.00,34.00
5,2.20,13.00,34.00
5,0.00,14.00,30.50
5,0.00,14.50,33.00
5,1.50,13.00,31.00
5,0.00,13.00,30.50
5,0.00,13.50,32.00
5,0.00,14.00,32.00
5,0.00,15.00,34.00
5,0.00,16.00,33.00
5,0.00,14.00,32.50
5,0.00,14.50,31.00
6,0.00,14.50,33.00
6,0.00,14.00,21.00
6,0.00,15.00,25.00
6,1.50,14.00,26.00
6,17.80,13.00,26.50
6,22.50,13.00,22.00
6,22.30,12.00,27.00
6,0.00,12.50,29.00
6,0.00,12.00,31.00
6,0.00,12.00,28.00
6,0.00,12.00,29.00
6,0.00,0.00,30.00
6,28.20,13.50,32.00
6,0.00,13.50,28.00
6,0.00,13.00,29.00
6,0.00,14.00,34.00
6,0.00,15.00,31.50
6,2.80,15.00,30.00
6,2.10,14.00,29.00
6,15.50,14.00,31.00
6,2.60,16.00,33.00
6,0.00,15.00,31.50
6,23.30,14.00,28.00
6,2.50,13.00,22.50
6,9.70,13.00,24.00
6,1.20,13.00,26.00
6,1.60,11.00,27.00
6,0.01,11.00,26.00
6,0.01,10.00,26.00
6,3.80,10.00,26.00
7,1.30,11.50,24.00
7,20.70,12.00,23.00
7,0.00,12.00,29.00
7,1.20,13.00,28.00
7,0.00,12.00,30.00
7,11.13,11.50,26.00
7,0.00,12.00,29.00
7,4.90,11.00,27.00
7,0.01,12.00,29.00
7,8.70,13.00,27.00
7,9.80,11.00,25.00
7,5.20,13.00,24.00
7,0.00,13.00,25.00
7,5.70,12.50,28.00
7,0.00,12.00,29.00
7,0.00,12.50,29.00
7,0.00,12.00,24.00
7,24.70,12.50,26.00
7,33.40,12.00,25.50
7,0.00,13.00,25.00
7,2.10,11.50,25.00
7,0.00,12.00,25.50
7,16.40,12.00,24.00
7,0.00,13.00,24.50
7,19.50,12.00,23.00
7,4.60,12.00,26.00
7,0.00,10.00,28.00
7,3.70,10.50,29.00
7,0.00,12.00,23.50
7,0.00,11.00,27.00
7,0.00,11.00,26.50
8,0.00,11.00,29.00
8,0.00,11.50,29.00
8,0.00,12.00,29.00
8,0.00,13.50,27.50
8,12.50,13.00,27.00
8,1.80,13.00,24.00
8,33.50,12.00,24.00
8,0.00,13.00,30.00
8,26.50,12.00,27.00
8,0.01,13.00,28.00
8,5.20,13.50,26.00
8,0.01,12.00,29.00
8,0.00,13.00,29.00
8,0.00,13.00,29.50
8,0.00,13.00,29.50
8,0.00,13.00,29.00
8,0.00,13.00,28.00
8,0.00,12.00,28.00
8,0.00,10.00,26.00
8,0.01,10.50,26.00
8,0.00,10.00,26.00
8,0.00,14.50,27.00
8,0.00,11.00,28.00
8,0.00,13.00,28.00
8,52.70,12.00,25.00
8,0.00,12.00,28.00
8,2.80,13.00,28.00
8,0.00,12.00,27.00
8,9.50,11.00,27.50
8,0.00,11.00,27.00
8,0.00,10.50,27.00
9,0.00,11.00,28.00
9,0.00,12.50,27.50
9,0.00,13.00,26.00
9,3.10,11.00,22.00
9,0.00,13.50,28.00
9,0.00,12.00,26.00
9,0.00,11.00,24.50
9,0.00,11.00,28.00
9,0.00,13.00,27.00
9,18.50,13.00,25.50
9,0.00,13.00,26.00
9,0.00,13.50,26.00
9,0.00,13.00,22.00
9,0.00,12.00,24.00
9,0.00,13.00,27.00
9,2.50,12.00,26.00
9,8.00,14.00,27.00
9,21.50,13.00,25.00
9,15.50,12.50,26.00
9,0.01,13.00,26.50
9,0.00,14.00,26.00
9,0.00,11.00,26.50
9,0.00,12.00,27.00
9,40.20,13.50,27.00
9,6.40,12.50,24.00
9,0.00,13.00,26.00
9,0.00,14.00,28.00
9,0.01,14.50,26.00
9,0.01,12.00,26.00
9,5.20,12.00,26.00
10,5.20,12.50,27.00
10,0.00,11.00,26.00
10,3.30,12.00,25.50
10,0.00,12.00,26.00
10,0.00,12.00,25.50
10,0.00,11.50,26.00
10,0.00,11.50,24.00
10,0.00,13.00,18.00
10,3.20,13.00,26.00
10,0.00,14.00,27.00
10,0.00,13.00,27.00
10,0.00,11.50,25.00
10,1.50,11.00,27.00
10,0.00,12.00,27.00
10,0.00,14.00,28.00
10,5.80,13.00,22.00
10,2.50,13.00,24.00
10,2.20,12.00,25.00
10,0.01,12.50,25.50
10,0.00,12.50,26.00
10,0.00,13.50,28.00
10,0.00,12.50,23.00
10,0.00,11.00,24.00
10,12.50,12.00,26.00
10,7.50,12.00,23.00
10,2.30,12.00,23.50
10,24.20,12.00,25.00
10,0.00,12.00,26.00
10,2.10,14.00,26.00
10,21.50,12.00,26.00
10,0.00,10.50,21.00
11,2.50,10.50,24.50
11,2.80,10.50,19.00
11,3.20,10.50,23.00
11,0.00,11.00,25.00
11,0.00,10.00,24.00
11,0.00,11.00,25.00
11,0.00,10.50,26.00
11,0.00,11.50,25.00
11,0.00,10.00,24.50
11,0.00,10.50,25.00
11,0.00,11.00,26.00
11,0.00,9.50,24.00
11,0.00,10.50,22.00
11,0.00,11.00,25.00
11,0.00,9.00,23.00
11,0.00,8.00,23.00
11,0.00,9.00,25.00
11,2.20,10.00,27.00
11,0.00,11.00,24.00
11,0.00,11.00,25.50
11,0.00,10.00,25.50
11,0.00,10.00,27.00
11,0.00,10.00,26.00
11,0.00,10.00,25.50
11,0.00,11.00,27.00
11,0.00,10.50,27.00
11,0.00,9.50,26.00
11,0.00,10.00,27.00
11,0.00,11.00,21.50
11,0.00,9.00,26.50
12,0.00,9.00,27.00
12,0.00,9.50,24.00
12,0.00,8.00,25.50
12,0.00,7.00,24.50
12,0.00,6.50,24.00
12,0.00,5.50,24.50
12,0.00,6.50,24.00
12,0.00,6.50,25.00
12,0.00,7.00,27.00
12,0.00,6.00,26.00
12,0.00,6.50,24.00
12,0.00,8.00,24.00
12,0.00,6.00,19.00
12,0.00,6.50,25.00
12,0.00,7.00,26.00
12,0.00,8.00,25.00
12,0.00,7.00,24.00
12,0.00,4.50,19.00
12,0.00,5.00,23.00
12,0.00,8.50,20.00
12,0.00,7.00,19.00
12,0.00,6.00,16.00
12,0.00,6.00,24.00
12,0.00,7.00,26.00
12,0.00,6.00,24.00
12,0.00,6.00,21.00
12,0.00,7.00,26.00
12,0.00,8.50,24.00
12,0.00,7.50,22.50
12,0.00,8.00,26.50
12,0.00,8.00,27.00
1,0.00,9.00,26.50
1,0.00,9.00,24.00
1,0.00,6.00,24.00
1,0.00,2.50,19.00
1,0.00,8.00,24.00
1,0.00,4.50,29.00
1,0.00,1.50,22.00
1,0.00,5.00,25.00
1,0.00,6.00,26.00
1,0.00,6.50,27.00
1,0.00,6.50,26.00
1,0.00,7.00,26.00
1,0.00,7.00,26.00
1,0.00,8.00,27.00
1,0.00,10.00,26.00
1,0.00,7.50,25.00
1,0.00,9.00,25.00
1,2.60,9.50,24.50
1,2.10,9.50,17.00
1,0.01,4.00,16.00
1,0.00,4.50,21.00
1,0.00,6.00,24.50
1,0.00,8.00,24.00
1,0.00,6.50,23.00
1,0.00,7.00,25.00
1,0.00,8.50,24.00
1,0.00,5.50,26.00
1,0.00,6.00,26.00
1,0.00,7.00,27.00
1,0.00,10.00,25.00
1,0.00,6.50,24.00
2,0.00,9.00,24.00
2,0.00,9.50,24.00
2,0.00,11.00,25.00
2,0.00,11.00,25.50
2,0.00,11.00,23.00
2,0.00,7.50,26.00
2,0.00,8.00,28.00
2,0.00,6.00,28.00
2,0.00,8.00,29.00
2,0.00,10.00,30.00
2,0.00,10.00,30.00
2,0.00,10.00,28.00
2,0.00,9.50,27.00
2,1.80,8.50,27.50
2,0.00,8.50,27.00
2,0.00,9.00,29.00
2,0.00,10.00,32.00
2,0.00,9.50,31.00
2,0.00,10.00,30.00
2,0.00,10.00,27.50
2,0.00,8.50,28.00
2,0.00,9.00,28.00
2,0.00,10.50,30.00
2,0.00,11.50,33.00
2,0.00,10.00,31.00
2,0.00,4.50,26.00
2,0.00,5.00,28.00
2,0.00,8.00,28.00
2,0.00,9.00,29.00
3,0.00,11.00,32.00
3,0.00,12.00,32.00
3,0.00,11.00,30.00
3,0.00,11.00,31.00
3,0.00,8.50,31.00
3,0.00,7.50,30.50
3,0.00,7.00,27.00
3,0.00,9.00,28.00
3,0.00,10.00,31.00
3,0.00,10.00,30.00
3,0.00,11.00,28.50
3,0.00,12.00,31.00
3,0.00,13.00,32.00
3,0.00,11.00,33.00
3,0.00,12.00,30.00
3,0.00,9.50,28.00
3,0.00,10.00,29.00
3,0.00,11.00,29.50
3,0.00,12.00,31.00
3,0.00,12.50,30.00
3,0.00,12.00,29.00
3,0.00,10.00,30.00
3,0.00,11.00,32.00
3,0.00,11.50,33.00
3,0.00,12.00,35.00
3,0.00,13.00,36.00
3,0.00,13.00,34.50
3,0.00,13.00,35.00
3,0.00,12.50,33.00
3,0.00,13.00,33.00
3,0.00,12.00,30.50
4,13.50,13.00,31.00
4,8.80,11.50,30.00
4,0.00,12.00,30.50
4,4.80,13.00,31.00
4,0.00,12.50,31.00
4,0.00,13.00,30.00
4,0.00,13.00,29.00
4,0.00,13.50,33.00
4,0.00,13.00,32.00
4,0.00,13.00,33.00
4,0.00,13.00,33.00
4,0.00,12.00,32.00
4,0.00,13.00,34.00
4,0.00,13.50,34.00
4,0.00,14.00,32.00
4,0.00,15.00,33.50
4,10.50,13.00,33.50
4,0.00,13.50,32.00
4,0.00,14.50,32.00
4,1.50,15.00,34.00
4,37.30,12.50,30.50
4,0.00,12.00,33.50
4,0.00,14.00,31.00
4,0.00,13.00,31.00
4,0.00,13.00,29.00
4,0.00,12.00,29.00
4,0.00,12.00,31.00
4,0.00,13.00,29.00
4,0.00,12.50,29.50
4,3.80,10.00,29.00
5,0.00,10.00,27.00
5,0.00,10.00,30.00
5,0.00,12.00,33.00
5,0.00,13.00,33.00
5,6.80,11.50,30.00
5,2.50,11.50,29.00
5,0.00,11.00,25.00
5,0.01,12.50,26.00
5,5.80,11.00,27.00
5,0.00,12.00,27.00
5,0.00,11.00,26.50
5,0.00,12.00,28.00
5,0.00,13.00,31.00
5,0.00,14.00,32.00
5,0.00,14.00,31.00
5,0.00,13.50,32.50
5,0.00,12.50,31.00
5,0.00,11.50,30.00
5,0.00,12.50,33.00
5,0.00,14.00,31.00
5,0.01,13.00,31.00
5,0.00,12.50,33.00
5,0.00,13.50,32.00
5,0.00,13.00,33.00
5,0.00,14.00,35.00
5,0.00,14.00,35.50
5,0.00,14.00,30.00
5,0.00,12.00,32.00
5,0.00,12.00,26.00
5,0.00,11.50,27.00
5,4.50,12.00,20.00
6,0.00,12.50,32.00
6,0.00,13.00,31.00
6,0.00,13.00,26.00
6,0.00,14.00,32.00
6,0.00,13.00,33.00
6,0.00,14.00,31.00
6,0.00,15.00,32.00
6,46.50,13.00,34.00
6,4.80,14.50,32.00
6,0.00,15.00,30.00
6,0.00,11.00,27.00
6,0.00,11.00,28.00
6,0.00,10.00,30.50
6,0.00,11.00,29.00
6,0.00,12.00,30.00
6,0.00,12.00,31.00
6,0.00,14.00,31.50
6,0.00,14.00,32.00
6,0.00,15.00,32.00
6,0.00,16.00,33.00
6,11.40,15.00,30.00
6,0.00,14.00,29.00
6,4.30,13.00,26.00
6,0.01,14.00,24.00
6,5.30,13.00,25.00
6,0.00,14.00,30.00
6,0.00,14.00,32.00
6,0.00,15.00,31.00
6,20.20,15.00,29.00
6,0.00,14.00,28.00
