"El número bajo las columnas CDMX, INUNDACION, LLUVIA, GAM indica el numero de noticias que contien esas palabras"
Y las palabras bajo HORARIO y COLONIA son las palabras encontradas en las noticias
[Fecha],[Conteo],[CDMX],[INUNDACION],[LLUVIA],[GAM],HORARIO,COLONIA
2010-01-08,1,1,1,1,0,,
2010-02-05,1,1,1,1,0,,
2010-02-10,1,1,1,1,0,,
2010-03-03,1,1,1,0,0,,
2010-05-10,1,1,1,0,0,,
2010-07-16,1,1,1,0,0,,
2010-07-23,1,1,1,1,0,,
2010-07-06,2,2,2,2,1,Tarde,
2010-07-26,1,1,1,1,0,,
2010-07-09,2,2,2,2,0,,
2010-07-21,2,2,2,2,0,Tarde,
2010-07-12,1,1,1,1,0,,
2010-07-19,1,1,1,0,0,,
2010-07-13,2,2,2,1,0,Noche,
2010-07-05,1,1,1,1,0,,
2010-07-14,1,1,1,0,0,,
2010-07-07,1,1,1,1,0,,
2010-08-06,2,2,2,2,0,,
2010-09-19,1,1,1,0,0,,
2010-10-21,1,1,1,1,0,,
2010-12-21,1,1,1,1,0,,
2011-06-02,1,1,1,1,1,,
2011-07-03,3,3,3,3,1,"Noche, Mañana",
2011-03-22,1,1,1,1,0,,
2011-03-31,1,1,0,0,0,,
2011-04-17,2,2,2,1,1,,
2011-04-16,1,1,1,1,1,Mañana,Vallejo
2011-04-25,1,1,1,1,1,Tarde,
2011-04-19,1,1,1,0,0,,
2011-04-18,1,1,1,1,1,Mañana,
2011-05-24,1,1,1,1,0,,
2011-06-05,1,1,1,1,0,,
2011-06-27,2,2,2,2,1,Noche,
2011-06-30,3,3,3,3,0,"Noche, Mañana",
2011-06-25,1,1,1,1,1,Tarde,
2011-06-28,3,3,3,1,0,Tarde,
2011-06-15,1,1,1,1,0,,
2011-09-06,2,2,2,2,1,Tarde,
2011-07-02,2,2,2,2,0,Mañana,
2011-07-14,1,1,1,1,1,,
2011-07-15,1,1,1,1,0,,
2011-07-13,3,3,3,3,0,Tarde,
2011-07-11,2,2,2,2,2,Tarde,Ticomán
2011-07-18,1,1,1,1,0,Mañana,
2011-07-01,6,6,6,6,0,"Mañana, Tarde",
2011-07-05,3,3,3,3,0,,
2011-07-20,1,1,1,1,0,,
2011-07-07,1,1,1,1,1,Tarde,
2011-07-22,1,1,1,1,0,,
2011-07-23,1,1,1,1,0,,
2011-07-12,1,1,1,1,1,Mañana,Ticomán
2011-07-17,2,2,2,1,1,,
2011-07-10,1,1,1,0,0,,
2011-08-25,1,1,0,1,0,Mañana,
2011-08-31,1,1,1,1,0,,
2011-08-23,1,1,1,1,0,,
2011-09-05,5,5,5,3,2,Mañana,Vallejo
2011-09-04,4,4,4,4,0,Mañana,
2011-09-11,1,1,1,1,0,Mañana,
2011-09-23,3,3,3,2,1,Mañana,
2011-09-08,1,1,1,1,0,Tarde,
2011-09-17,1,1,1,1,0,,
2011-09-07,1,1,1,1,0,,
2011-09-26,1,1,1,1,0,,
2011-09-16,1,1,1,1,0,,
2011-10-08,1,1,1,1,0,,
2011-10-20,1,0,1,0,0,,
2012-02-10,1,1,1,1,0,Mañana,
2012-02-25,1,1,1,1,0,Mañana,
2012-03-29,2,2,2,2,2,Tarde,
2012-03-22,1,1,1,1,1,Tarde,
2012-03-18,1,1,1,1,0,,
2012-04-19,2,2,2,2,1,Tarde,
2012-04-11,1,1,1,1,1,,
2012-04-25,1,1,1,1,0,,
2012-05-12,1,1,1,1,1,,
2012-05-08,1,1,1,1,0,,
2012-05-06,1,1,0,1,0,,
2012-06-30,1,1,1,1,1,,
2012-06-20,2,2,2,2,0,,
2012-06-02,1,1,0,1,0,,
2012-06-28,1,1,1,1,0,Noche,
2012-06-22,1,1,1,1,1,Tarde,
2012-06-16,1,1,1,1,0,,
2012-06-23,1,1,1,1,1,,
2012-06-21,1,1,1,1,0,Tarde,
2012-06-26,1,0,1,1,0,,
2012-06-06,1,1,0,0,0,,
2012-07-09,1,1,1,1,1,Tarde,
2012-07-13,5,5,5,4,4,"Noche, Mañana",
2012-07-17,3,3,3,3,3,,
2012-07-06,2,2,2,2,2,,
2012-07-19,2,2,2,2,1,,
2012-07-14,2,2,2,2,2,,
2012-07-20,2,2,1,1,1,,
2012-07-28,2,2,2,2,2,Tarde,
2012-07-26,3,3,3,3,2,Tarde,
2012-07-02,1,1,1,1,1,Tarde,
2012-07-27,1,1,1,1,0,,
2012-08-25,1,1,1,1,1,,
2012-08-17,2,2,2,2,2,Tarde,
2012-08-11,1,1,1,1,1,Noche,
2012-08-23,2,2,2,2,1,Mañana,
2012-08-12,1,1,1,1,0,,
2012-08-13,1,1,1,1,0,Mañana,
2012-08-04,1,1,1,1,1,,
2012-08-16,1,1,1,1,1,,
2012-08-10,2,2,2,1,1,Tarde,
2012-08-14,1,1,1,1,0,,
2012-08-27,1,1,1,1,0,,
2012-08-07,1,1,1,1,0,,
2012-08-24,1,1,1,0,1,,
2012-08-08,1,1,1,1,0,,
2012-11-08,1,0,1,1,0,,
2012-08-29,1,0,1,0,0,,
2012-08-30,1,1,1,0,0,,
2012-08-22,1,1,1,0,0,,
2012-08-31,1,1,1,0,0,,
2012-09-29,2,2,2,2,2,Noche,
2012-09-26,1,1,1,1,0,,
2012-09-16,1,1,1,1,1,Tarde,
2012-09-15,1,1,1,1,1,Tarde,
2012-09-27,1,1,1,1,1,Tarde,
2012-09-12,1,1,1,1,1,,
2012-09-19,1,1,1,1,0,,
2012-09-07,1,1,1,1,0,,
2012-10-09,1,1,1,1,0,Noche,
2012-11-20,1,1,1,1,0,,
2012-11-24,1,1,1,1,1,Noche,
2012-11-14,1,0,1,1,1,,
2013-01-07,1,1,1,1,1,,
2013-01-15,1,0,0,0,0,,
2013-01-27,1,1,1,1,0,,
2013-01-16,1,1,0,1,0,Mañana,
2013-02-19,1,1,1,0,0,,
2013-02-09,1,1,0,0,0,,
2013-03-10,1,0,0,1,1,,
2013-03-26,1,0,0,0,0,,
2013-05-27,1,1,1,1,1,,
2013-05-24,2,2,1,1,1,,Lindavista
2013-05-30,1,1,1,1,0,,
2013-05-28,1,1,1,1,0,Mañana,
2013-05-07,1,1,1,1,0,,
2013-05-29,2,1,1,1,0,Mañana,
2013-05-14,1,1,1,1,1,,
2013-05-15,1,1,1,0,1,,
2013-06-20,1,1,1,1,1,Mañana,
2013-06-14,3,3,3,3,3,Tarde,
2013-06-13,1,1,1,1,1,,
2013-06-19,2,2,2,2,2,,
2013-06-30,1,1,1,1,0,,
2013-06-16,1,1,0,1,0,,
2013-07-25,1,1,1,1,1,Tarde,
2013-07-09,1,1,1,0,1,,
2013-07-23,1,1,1,0,1,,
2013-08-31,2,2,2,2,2,Tarde,
2013-08-01,1,1,1,1,0,Tarde,
2013-08-18,1,1,1,1,0,,
2013-09-24,2,1,2,2,0,,
2013-09-30,3,2,3,2,1,,
2013-09-05,1,1,1,0,1,,
2013-09-10,2,2,2,1,1,Mañana,
2013-09-27,2,2,2,2,0,,
2013-09-19,2,2,2,2,0,Noche,
2013-09-07,2,2,2,1,0,Tarde,
2013-09-13,2,2,2,1,0,,
2013-09-22,4,4,3,2,0,"Mañana, Tarde",
2013-09-11,1,1,1,1,0,,
2013-09-16,1,1,1,1,1,Mañana,
2013-09-18,1,1,0,1,0,,
2013-09-14,1,1,1,0,0,,
2013-09-23,1,1,1,0,0,,
2013-10-09,1,0,1,1,0,,
2013-09-06,1,1,1,0,0,,
2013-09-25,1,0,1,0,0,,
2013-10-05,1,1,1,1,1,Noche,
2013-10-01,1,1,1,1,0,,
2013-08-02,1,1,1,0,1,Tarde,
2013-10-19,1,1,1,1,0,Tarde,
2013-04-10,1,1,1,0,0,,
2013-10-21,1,1,1,1,0,Mañana,
2013-10-17,1,1,0,0,0,,
2013-10-18,1,1,1,1,1,Mañana,
2013-10-07,1,1,1,0,0,,
2013-10-08,1,0,0,0,1,,
2013-10-30,1,0,1,0,0,,
2013-11-04,2,2,2,1,0,Mañana,
2013-11-29,1,1,1,0,1,,
2013-12-25,1,1,1,1,0,Tarde,
2013-12-26,2,2,2,1,0,Noche,
2014-01-08,2,1,1,0,0,,
2014-02-16,1,0,1,1,0,,
2014-02-25,1,0,0,0,0,,
2014-03-29,2,2,2,2,0,,
2014-03-03,1,1,1,1,1,,
2014-03-16,1,1,1,1,0,Mañana,
2014-03-30,2,2,2,0,2,,
2014-04-15,2,2,2,2,1,Tarde,
2014-04-16,3,3,3,1,1,Noche,
2014-04-26,1,1,1,1,1,,
2014-04-23,1,1,1,1,0,,
2014-04-19,1,1,1,1,1,Mañana,
2014-04-03,1,1,1,1,1,Mañana,
2014-05-11,2,2,2,1,1,,
2014-05-26,4,3,4,3,3,Tarde,
2014-05-14,1,1,1,1,1,,
2014-05-24,1,1,1,1,1,,
2014-05-19,1,1,1,1,1,,
2014-11-05,1,1,1,1,0,,
2014-05-17,2,2,2,2,0,,
2014-05-31,2,2,2,1,2,,
2020-05-25,1,1,1,1,1,,
2014-05-08,2,1,1,2,1,,
2014-05-23,1,1,1,0,0,,
2014-06-19,2,2,1,1,1,"Noche, Mañana",
2014-06-25,3,1,3,1,0,Tarde,
2014-06-11,1,1,1,1,0,,
2014-06-14,1,1,1,1,0,,
2014-06-08,1,1,1,1,1,,
2014-06-26,1,1,1,0,1,,
2014-06-05,1,1,1,1,0,,
2014-06-10,3,2,3,2,1,,
2014-06-03,1,1,1,1,0,,
2014-06-20,1,1,1,1,1,Tarde,
2014-06-21,2,2,2,0,1,,
2014-06-28,1,1,0,1,0,,
2014-06-04,1,1,1,0,0,,
2014-06-27,1,1,1,0,1,,
2014-06-18,1,1,0,0,0,,
2014-06-02,1,0,1,1,0,,
2014-06-23,2,2,0,2,0,Tarde,
2014-03-07,1,1,1,0,1,,
2014-07-06,1,1,1,1,1,Noche,
2014-07-28,1,1,1,1,1,,
2014-07-17,2,2,2,2,2,Tarde,
2014-07-21,1,1,1,0,1,,
2014-07-18,1,1,1,1,1,Tarde,
2014-07-13,2,2,2,2,2,Tarde,
2014-07-04,1,1,1,1,1,,
2014-07-26,1,1,1,1,0,,
2014-07-08,2,2,2,2,1,,
2014-07-09,2,1,2,1,0,Tarde,
2014-07-24,1,1,1,0,0,,
2014-08-09,1,1,1,1,1,,
2014-08-18,1,1,1,1,1,Noche,
2014-08-22,1,1,1,1,0,Mañana,
2014-08-08,1,1,1,1,0,,
2014-08-05,2,1,2,1,0,Mañana,
2014-08-17,1,1,1,1,1,Tarde,
2014-08-12,1,1,1,1,0,,
2014-08-19,1,1,1,1,0,,
2014-09-15,2,2,1,2,1,Tarde,
2014-09-28,1,1,1,1,1,,
2014-09-11,2,2,2,2,0,Mañana,
2014-09-03,2,1,2,2,0,,
2014-01-09,1,1,1,1,0,Noche,
2014-04-09,1,1,1,0,0,,
2014-09-26,1,1,1,1,0,,
2014-09-17,3,3,2,3,1,Mañana,
2014-09-30,1,1,1,1,0,,
2014-09-12,1,1,1,1,0,,
2014-09-01,1,1,1,1,0,,
2014-09-16,1,1,0,0,0,,
2014-09-14,1,1,1,1,0,,
2014-10-10,1,1,1,1,0,,
2014-10-03,1,1,1,1,1,Noche,
2014-10-14,1,1,1,1,1,,
2014-10-17,1,1,1,0,1,,
2014-11-10,1,1,1,0,0,,
2014-10-11,1,1,1,1,0,,
2014-10-21,2,1,1,2,1,,
2014-10-12,1,1,1,1,0,,
2014-12-25,2,1,2,0,2,,
2014-12-29,1,1,0,1,0,Mañana,
2015-01-05,1,1,1,1,0,,
2015-01-16,1,1,1,1,0,,
2015-01-01,1,1,1,1,1,Mañana,
2015-03-15,1,1,1,1,0,Mañana,
2015-03-16,1,1,1,0,0,,
2015-03-04,1,1,1,1,1,,
2015-04-05,1,1,1,1,0,,
2015-05-17,1,1,1,1,1,,
2015-05-21,1,1,1,1,1,,
2015-05-07,2,2,1,1,0,Mañana,
2015-05-12,1,1,1,1,1,,Ticomán
2015-05-27,1,1,1,1,1,,Vallejo
2015-05-04,2,2,2,1,1,Mañana,
2015-05-16,1,1,1,1,1,,
2015-05-24,1,1,0,0,1,,Lindavista
2015-05-29,1,1,1,0,0,,
2015-06-06,1,1,1,1,0,Tarde,
2015-07-06,1,1,1,1,1,,
2015-06-29,2,2,2,2,2,Tarde,San Juan de Aragón
2015-06-04,1,1,1,1,0,Mañana,
2015-06-30,2,2,2,1,0,,
2015-06-20,1,1,1,1,0,Mañana,
2015-06-18,1,0,1,0,0,,
2015-06-19,1,1,0,0,0,,
2015-01-07,1,1,1,1,0,,
2015-07-02,5,4,5,5,4,Tarde,Ticomán
2015-07-25,1,1,1,1,0,Tarde,
2015-07-03,3,2,2,2,1,Mañana,
2015-07-05,1,1,1,1,1,Noche,
2015-03-07,1,1,1,1,0,,
2015-07-27,1,1,0,1,1,Mañana,
2015-07-18,1,0,1,1,0,,
2015-07-22,1,0,1,1,0,,
2015-08-18,1,1,1,1,0,,
2015-08-21,1,1,1,1,1,,
2015-08-05,1,1,1,0,1,,
2015-08-11,1,1,1,0,1,,
2015-08-12,1,1,0,0,1,Mañana,
2015-07-12,1,0,1,1,0,,
2015-09-03,3,3,3,3,3,Tarde,
2015-09-05,1,1,1,1,0,Tarde,
2015-09-04,3,3,3,3,2,"Mañana, Tarde",
2015-09-18,2,2,2,2,2,Tarde,Vallejo
2015-09-27,1,1,1,1,0,Noche,
2015-09-21,1,1,1,1,1,,
2015-09-07,1,1,1,0,1,,
2015-09-06,1,1,1,1,0,,
2015-09-11,1,0,1,1,0,,
2015-09-10,1,1,1,0,1,,
2015-09-29,1,0,1,1,0,,
2015-09-08,1,1,0,0,0,,
2015-10-24,1,1,1,1,1,Mañana,
2015-10-20,1,1,1,1,0,Noche,
2015-10-23,1,1,1,1,1,Mañana,
2015-10-25,1,1,1,0,0,,
2015-10-19,1,0,1,0,0,,
2015-11-20,1,1,1,0,1,,
2015-12-26,1,1,0,1,1,Mañana,San Juan de Aragón
2015-12-07,1,1,0,1,0,,
2015-12-02,1,1,1,0,0,,
2016-01-13,1,1,1,1,0,,
2016-02-26,1,1,1,0,0,,
2016-01-12,1,0,1,0,0,,
2016-04-21,1,1,1,1,1,Tarde,
2016-04-19,2,1,2,2,2,,
2016-04-25,1,1,1,1,1,,
2016-04-20,1,0,0,0,1,,
2016-05-21,1,0,1,1,0,Noche,
2016-05-28,1,1,1,1,0,,
2016-05-17,1,1,1,0,0,,
2016-06-01,2,2,2,2,2,Noche,
2016-06-28,1,1,1,1,1,Tarde,
2016-06-02,2,2,2,2,2,,Ticomán
2016-06-04,1,1,1,1,0,,
2016-06-21,1,1,1,0,1,,
2016-06-22,2,2,1,0,0,,
2016-06-03,1,1,1,1,1,Noche,
2016-06-25,1,1,0,0,1,,
2016-06-27,1,0,1,1,0,,
2016-05-12,1,0,1,0,0,,
2016-07-28,1,1,1,1,1,,
2016-07-18,1,1,1,1,1,,
2016-07-21,1,1,1,1,0,Noche,
2016-07-26,1,0,1,1,0,Mañana,
2016-07-31,1,1,1,0,0,,
2016-07-24,1,1,0,0,1,,
2016-07-22,1,1,1,0,0,,
2020-07-06,1,1,1,0,1,,
2016-07-12,1,0,1,1,0,,
2016-07-23,1,1,1,0,1,,
2016-08-24,2,2,2,1,2,Tarde,Vallejo
2016-08-02,3,3,3,3,2,Tarde,Lindavista
2016-08-09,2,2,1,2,2,,
2016-08-26,1,1,1,1,0,,
2016-08-03,1,1,1,1,0,Noche,
2016-08-14,1,1,1,1,1,,
2016-08-22,1,1,0,1,1,,
2016-08-27,1,1,0,0,0,,
2016-08-10,1,1,0,1,0,,
2016-08-11,1,0,0,1,0,,
2016-08-30,1,1,1,0,1,,
2016-08-07,1,1,1,1,0,Tarde,
2016-08-29,1,1,1,1,1,,
2016-08-06,1,1,1,0,0,,
2016-09-28,1,0,1,1,0,,
2016-09-25,1,1,1,1,0,Tarde,
2016-09-29,4,3,4,3,1,"Tarde, Mañana",
2016-09-27,2,2,0,2,1,,
2016-10-03,3,3,2,3,2,,Lindavista
2016-10-06,1,1,1,1,1,,Vallejo
2016-01-10,1,0,1,1,0,,
2016-10-04,1,0,1,0,0,,
2016-10-02,1,1,1,0,1,,
2016-11-16,1,1,0,1,0,Mañana,
2016-11-15,1,1,1,0,0,,
2016-11-10,1,1,1,0,1,,
2016-11-27,3,3,3,3,2,,
2016-11-14,1,1,1,0,0,,
2017-03-16,1,1,1,1,1,,
2017-04-19,1,1,1,1,1,,
2017-04-18,1,1,1,1,1,,
2017-05-04,1,1,1,1,0,Tarde,
2017-04-05,1,1,1,1,1,Tarde,
2017-05-30,2,2,2,2,0,Mañana,
2017-05-31,1,1,1,1,1,Tarde,
2017-05-25,7,7,6,7,5,Tarde,Ticomán
2017-05-05,1,1,1,1,1,Tarde,
2017-05-29,1,1,0,1,0,,
2017-05-28,1,1,1,1,1,,
2017-06-29,41,40,37,41,35,"Tarde, Mañana, Noche","Vallejo, Ticomán, Martín Carrera, Ticoman, San Juan de Aragón, Lindavista"
2017-06-27,4,4,4,4,3,"Mañana, Noche","Lindavista, San Juan de Aragón"
2017-06-28,20,20,17,19,10,"Tarde, Noche, Mañana",
2017-06-03,1,1,1,1,0,,
2017-06-07,3,3,2,3,2,Noche,
2020-07-08,1,1,1,0,1,,
2017-06-30,10,9,9,9,9,"Noche, Tarde",San Juan de Aragón
2017-06-06,3,3,3,2,0,,
2017-08-06,1,1,1,1,1,,
2017-06-26,1,1,1,1,1,,Lindavista
2017-06-21,1,1,1,1,0,,
2017-06-11,1,1,1,1,1,,
2017-06-13,1,1,1,0,1,,San Juan de Aragón
2017-06-14,1,1,1,0,1,,
2017-06-25,1,1,1,1,1,Noche,
2020-07-20,2,2,2,2,2,,Ticomán
2017-06-20,1,1,1,0,1,Mañana,
2017-07-08,4,4,4,4,4,Tarde,
2017-07-25,6,6,6,5,6,Tarde,San Juan de Aragón
2017-07-11,5,5,5,5,4,Tarde,"Martín Carrera, Lindavista"
2018-03-15,11,9,9,11,9,Tarde,San Juan de Aragón
2017-07-05,13,13,12,11,11,"Tarde, Mañana",Lindavista
2017-07-03,10,10,10,10,10,,"Lindavista, Vallejo"
2017-08-07,1,1,1,1,1,,
2017-07-18,2,2,2,2,2,,
2017-07-01,6,6,6,6,4,Tarde,
2017-07-04,11,11,11,11,10,Tarde,
2017-07-02,5,5,5,5,5,"Tarde, Mañana",Martín Carrera
2017-07-09,4,4,4,4,4,Tarde,"Ticomán, Villa de Aragón"
2017-04-07,1,1,1,1,1,,
2017-07-24,4,4,4,4,2,Mañana,
2017-11-07,1,1,1,1,1,Tarde,
2017-07-23,1,1,1,1,0,,
2017-03-07,2,2,2,2,2,,
2018-07-16,3,3,3,3,3,,
2017-07-16,1,1,1,1,1,,
2017-05-07,1,1,1,1,1,,
2017-07-12,2,2,2,2,1,,
2017-07-26,1,1,1,1,1,,
2017-07-06,7,7,7,2,7,"Tarde, Mañana",
2017-07-28,1,1,1,1,0,Noche,
2017-07-14,1,1,1,1,1,,
2017-02-07,1,1,1,1,0,,
2017-07-07,4,4,4,1,4,Mañana,
2017-10-07,1,1,1,1,1,,
2017-07-29,1,1,1,1,0,,
2017-07-10,1,1,0,1,0,,
2017-08-30,24,23,22,23,19,"Tarde, Mañana, Noche",San Juan de Aragón
2017-08-31,49,46,45,46,40,"Tarde, Mañana, Noche",San Juan de Aragón
2017-08-29,2,2,2,2,1,Tarde,
2017-08-28,1,1,1,1,1,Noche,
2017-08-10,1,1,1,1,1,,Lindavista
2017-08-18,8,8,8,8,4,Tarde,
2017-08-19,1,1,0,1,1,,
2017-08-25,2,2,2,2,2,Tarde,
2017-08-09,3,3,3,2,1,Mañana,
2017-08-17,3,3,3,3,3,Noche,Vallejo
2017-08-26,2,2,2,2,2,Tarde,
2017-09-08,1,1,1,1,1,,
2017-08-22,1,1,1,1,0,Mañana,
2017-09-17,8,8,8,8,8,"Noche, Tarde",
2017-09-05,6,5,6,6,6,"Tarde, Noche",Ticomán
2017-09-03,4,4,4,4,4,Mañana,
2017-09-06,5,5,5,4,2,"Tarde, Mañana",
2017-09-07,4,4,4,3,1,"Tarde, Mañana",
2017-09-02,4,4,4,4,3,"Mañana, Noche",
2017-09-01,12,11,10,11,8,"Noche, Mañana",
2017-09-04,4,4,2,4,1,Mañana,
2017-09-12,2,2,1,1,2,,San Juan de Aragón
2017-05-09,1,1,1,1,1,,
2017-09-26,2,2,2,2,1,,
2017-09-25,1,1,1,1,0,,
2017-09-13,2,2,2,0,2,"Noche, Mañana",
2017-09-15,2,2,2,0,2,Noche,
2017-09-09,1,1,1,1,1,,
2017-10-01,2,2,2,2,2,Tarde,
2017-10-15,1,1,1,1,1,Tarde,
2019-09-18,8,8,8,8,6,"Tarde, Noche",San Juan de Aragón
2017-06-10,1,1,1,1,1,,
2017-10-05,1,0,1,0,0,Mañana,
2017-10-25,1,0,1,1,0,,
2017-02-10,1,0,1,1,0,,
2017-11-03,1,1,1,1,1,,
2018-01-24,3,3,3,3,3,Tarde,
2018-01-28,1,0,1,1,0,,
2018-01-23,1,1,1,1,0,,
2018-01-21,1,1,1,1,1,Tarde,Ticomán
2018-01-15,1,1,1,1,0,,
2020-07-02,1,1,1,1,1,,
2018-02-26,3,3,3,3,3,Tarde,
2018-02-25,1,1,0,1,0,,
2019-07-25,9,8,8,8,7,Tarde,Vallejo
2018-03-21,2,2,2,2,0,Noche,
2020-07-04,1,1,1,1,0,,
2018-03-23,1,1,1,1,1,,
2018-03-14,1,1,1,1,1,Tarde,
2018-03-01,1,1,1,1,0,,
2018-04-04,3,3,3,3,2,Tarde,
2018-04-23,2,2,2,2,2,,
2018-04-29,3,3,2,3,2,Tarde,
2018-04-28,4,4,2,4,3,Tarde,
2018-05-04,2,2,1,2,2,Tarde,
2018-04-10,2,2,2,2,2,Tarde,
2018-04-11,2,2,2,2,2,Tarde,
2018-04-27,1,1,1,1,0,,
2018-04-24,5,5,4,5,4,Tarde,
2018-06-04,1,1,1,1,1,,
2018-04-12,1,1,1,1,1,,
2018-04-06,1,1,1,1,1,Tarde,
2018-04-26,1,1,1,1,1,,
2018-05-22,5,5,5,4,5,Tarde,San Juan de Aragón
2018-05-05,1,1,1,1,1,Tarde,
2018-05-23,3,3,3,3,3,Tarde,San Juan de Aragón
2018-05-20,3,3,3,3,3,Tarde,
2018-05-19,4,4,3,4,4,"Tarde, Noche",
2018-05-21,3,3,3,3,1,Tarde,
2018-05-28,1,0,1,0,0,,
2018-09-05,1,1,1,1,1,Tarde,
2018-07-05,1,1,1,1,1,,
2018-05-08,2,2,2,2,1,,
2018-05-01,1,1,1,1,1,Noche,
2018-05-02,2,2,2,2,2,Tarde,
2020-07-30,2,2,2,2,0,,
2018-06-18,8,8,7,8,8,"Tarde, Mañana",
2018-06-17,6,6,6,6,6,Tarde,
2018-06-24,6,6,6,6,4,Tarde,"San Juan de Aragón, Vallejo"
2018-06-30,3,3,2,3,3,Tarde,
2018-06-27,2,2,2,2,2,Tarde,San Juan de Aragón
2018-06-14,12,12,11,12,9,"Tarde, Mañana",
2018-06-29,5,5,5,5,4,Tarde,
2018-07-01,1,1,1,1,1,Tarde,San Juan de Aragón
2018-06-26,2,2,2,2,2,,Vallejo
2018-06-15,7,7,7,7,6,"Mañana, Tarde",
2018-11-06,1,1,1,1,1,,
2018-06-25,1,1,1,1,1,,
2018-06-19,4,2,3,4,2,"Mañana, Tarde",
2018-06-23,3,3,3,3,1,Mañana,
2018-06-28,1,1,1,1,1,,
2018-06-16,1,0,1,1,0,,
2018-06-13,1,1,1,1,0,,
2018-07-27,2,2,2,2,2,Noche,
2018-07-13,2,2,2,2,2,,San Juan de Aragón
2018-07-14,5,5,5,5,5,Tarde,"San Juan de Aragón, Ticoman"
2018-07-10,2,2,2,2,2,Tarde,
2018-07-29,1,1,1,1,1,Tarde,
2020-07-05,2,2,0,2,1,,
2018-07-15,2,2,2,2,2,,
2018-01-07,1,1,1,1,1,,
2018-03-07,1,1,1,1,1,,
2018-07-03,1,1,1,1,1,,
2018-07-08,4,3,3,4,3,Tarde,
2018-07-07,1,1,1,1,1,Tarde,
2018-10-07,1,1,1,1,1,,
2018-07-09,1,1,1,1,1,Noche,
2018-07-06,1,1,1,1,0,Noche,
2018-08-12,7,7,7,7,5,Tarde,
2018-08-15,7,7,7,6,7,Tarde,"Ticomán, San Juan de Aragón"
2018-08-04,1,1,1,1,1,Tarde,
2018-08-20,6,6,6,6,6,Tarde,
2018-08-26,2,2,2,2,2,"Noche, Tarde",
2018-08-07,3,3,2,3,3,"Tarde, Mañana",Vallejo
2018-08-11,8,8,8,7,7,"Tarde, Noche",San Juan de Aragón
2018-10-08,3,3,3,3,2,Tarde,
2018-08-10,6,6,6,6,5,"Tarde, Noche",
2018-08-16,4,4,4,4,4,Tarde,
2018-08-31,9,9,7,9,6,"Noche, Tarde",
2018-08-30,5,5,4,5,3,"Noche, Tarde",
2018-08-29,4,4,4,4,4,Tarde,
2018-08-27,4,4,4,4,4,"Tarde, Noche",
2018-08-05,3,3,3,3,2,Tarde,
2018-08-13,4,4,2,4,3,,
2018-08-08,2,2,2,2,2,Noche,"Vallejo, San Juan de Aragon"
0270-07-12,1,1,1,0,0,,
2018-08-23,2,2,2,2,1,,
2018-06-08,1,1,1,1,1,,
2018-08-14,1,1,1,1,1,Mañana,
2018-08-06,2,2,2,2,1,Tarde,San Juan de Aragón
2018-08-17,3,3,3,3,1,Tarde,
2018-08-28,5,5,5,5,4,"Tarde, Noche",
2020-06-08,12,12,10,10,8,"Tarde, Noche",Lindavista
2020-09-16,1,1,1,1,0,,
2018-11-08,1,1,1,1,1,,
2018-08-19,1,1,1,1,1,,
2018-09-20,4,2,4,4,2,"Noche, Tarde",
2018-09-11,4,4,4,4,3,Tarde,
2018-09-19,7,7,7,7,6,"Noche, Mañana",Vallejo
2018-09-22,9,9,9,9,9,Tarde,"San Juan de Aragón, Vallejo"
2018-09-03,2,2,2,2,1,Mañana,Vallejo
2018-09-28,2,2,2,2,1,Tarde,
2018-09-13,4,4,4,4,3,Tarde,
2018-09-23,6,5,6,6,4,"Tarde, Noche",San Juan de Aragón
2018-09-18,2,2,2,2,2,Tarde,Vallejo
2018-09-16,3,3,3,3,2,"Tarde, Noche",
2018-09-02,3,3,3,3,2,,San Juan de Aragón
2018-02-09,1,1,1,1,0,,
2018-09-17,1,1,1,1,1,,
2018-09-24,4,4,3,3,3,"Noche, Mañana",San Juan de Aragón
2018-09-12,1,1,1,1,1,,
2018-09-04,1,1,1,0,1,,
2018-09-27,1,1,1,1,1,,Vallejo
2018-06-09,1,1,1,1,1,,
2018-09-25,1,1,1,1,1,,
2018-09-21,1,1,1,1,0,,
2018-09-09,1,1,1,1,0,Mañana,
2018-10-09,1,0,1,1,0,,
2018-09-26,1,1,0,1,0,,
2018-09-01,1,1,1,0,0,,
2018-10-10,10,9,10,10,9,Tarde,"Lindavista, Ticomán"
2018-10-29,9,8,9,9,7,Noche,"Lindavista, San Juan de Aragón"
2018-10-11,7,6,7,7,6,"Mañana, Noche, Tarde",Ticomán
2018-10-19,1,1,1,1,1,,
2018-10-26,2,1,2,2,1,Noche,
2018-11-10,4,4,4,4,4,,Ticomán
2018-10-31,1,1,1,1,0,Tarde,
2018-10-30,2,2,2,2,2,Noche,
2018-10-12,3,2,2,2,2,Mañana,Ticomán
2018-10-15,2,2,2,1,1,,Ticomán
2018-10-24,1,0,1,1,0,,
2018-10-28,1,0,1,0,0,,
2018-10-25,1,1,1,1,1,,
2018-10-23,1,0,1,1,0,,
2018-10-22,1,1,1,1,0,,
2018-01-11,1,1,1,1,1,,
2018-11-01,2,2,2,2,2,,
2018-11-02,1,1,0,1,0,,
2018-11-20,1,1,0,0,1,,
2018-12-04,1,1,1,1,1,,
2020-07-09,1,1,1,1,1,,
2019-01-22,1,1,1,1,1,,
2019-01-13,1,1,1,1,1,,
2020-07-07,1,1,1,1,1,,
2019-02-09,1,1,1,1,0,Tarde,
2019-02-03,1,0,1,1,0,Tarde,
2019-02-28,1,1,1,1,0,,
2019-03-06,2,2,2,2,2,,Vallejo
2019-03-17,1,1,1,1,0,,
2019-05-03,1,1,1,0,1,,
2019-03-05,3,3,3,3,3,Tarde,
2019-03-25,1,1,1,1,1,,
2019-09-21,1,0,0,1,0,,
2019-04-29,3,3,3,3,3,,
2019-04-30,3,3,3,2,2,Tarde,
2019-05-04,1,1,1,1,1,,
2019-08-04,1,1,1,1,1,,
2019-04-13,1,1,1,1,0,Mañana,
2019-04-14,1,1,1,1,1,Noche,Ticomán
2019-04-17,1,1,1,0,0,,
2019-05-15,2,2,2,2,2,"Noche, Tarde",
2019-05-16,3,2,3,3,2,,
2019-05-02,1,1,1,1,1,Tarde,
2019-06-01,2,2,0,2,2,"Tarde, Mañana",
2019-04-05,1,1,1,1,1,,
2019-05-21,1,1,1,1,1,,
2019-05-29,1,1,1,1,0,,
2019-01-05,1,1,1,1,1,Noche,
2019-05-05,1,1,1,1,1,Tarde,
2019-05-01,1,1,1,0,1,,
2019-05-27,1,1,1,0,0,,
2019-05-10,1,0,1,1,0,,
2019-05-13,1,1,1,1,0,Tarde,
2019-05-31,2,2,1,2,1,Mañana,
2019-05-26,2,2,2,2,2,Tarde,
2019-06-13,6,6,5,6,5,Tarde,
2019-04-06,3,3,3,3,3,,
2019-06-24,17,15,13,17,12,"Mañana, Noche, Tarde",
2019-05-06,2,1,2,2,1,,
2019-06-14,3,3,3,3,2,Tarde,
2019-06-26,6,5,5,6,4,,
2019-06-23,1,1,1,0,1,,
2019-06-21,2,1,2,2,2,,
2019-06-06,6,6,6,6,5,Tarde,San Juan de Aragón
2019-06-27,9,8,9,8,6,Tarde,
2019-06-22,2,2,2,2,1,,
2019-06-05,6,5,6,6,3,Tarde,San Juan de Aragón
2019-06-19,1,1,1,1,0,,
2019-06-20,2,2,2,2,2,,
2019-06-11,2,1,2,2,0,,
2019-06-25,5,4,5,5,4,Tarde,Ticomán
2019-06-04,3,3,3,3,2,Tarde,
2019-06-07,3,3,3,3,2,,
2019-06-16,1,0,1,1,0,Tarde,
2019-06-08,2,0,2,2,1,,
2019-10-06,1,1,1,0,0,,
2019-06-18,2,2,2,2,1,,
2019-06-09,1,1,1,1,0,,
2019-06-02,1,1,1,1,1,Tarde,
2019-06-03,1,1,0,0,1,,
2019-07-11,6,6,6,6,4,Noche,
2019-07-16,4,4,4,4,4,Tarde,
2019-07-10,2,1,2,1,0,Tarde,
2019-02-07,1,1,1,1,1,,
2019-07-08,2,2,2,2,1,,
2019-07-23,1,0,1,1,1,,
2019-07-03,1,1,1,1,0,Noche,
2019-07-13,3,3,3,3,3,,
2019-07-19,1,1,1,1,1,,San Juan de Aragón
2019-07-18,4,3,4,3,3,Tarde,San Juan de Aragón
2019-07-31,2,2,2,2,2,,
2019-07-26,2,2,2,2,2,Tarde,
2019-10-07,1,1,1,1,0,,
2019-07-04,1,1,1,1,1,,
2019-07-09,1,1,1,1,1,,Martín Carrera
2019-07-24,1,1,1,1,1,,
2019-07-07,2,2,2,1,0,,
2019-07-15,1,1,1,1,0,Mañana,
2019-07-02,1,1,1,1,0,Tarde,
2019-07-29,1,1,1,1,1,Mañana,
2019-07-14,1,1,1,1,0,,
2019-07-21,1,1,1,1,1,,
2019-11-07,2,2,2,2,0,,
2019-07-30,1,1,1,1,0,Tarde,
2019-09-29,2,2,2,2,0,Mañana,
2019-08-07,6,5,6,6,5,"Noche, Tarde, Mañana",Vallejo
2019-08-12,1,1,1,1,1,,
2019-11-08,1,1,1,1,0,,
2019-08-06,4,3,3,4,3,Noche,
2019-08-18,1,1,1,1,0,Tarde,
2019-08-27,1,1,1,1,0,,
2019-08-09,1,1,1,1,1,Tarde,
2019-08-13,1,1,1,1,0,,
2019-04-08,1,0,0,1,0,Tarde,
2019-08-25,1,1,1,1,1,,
2019-08-23,1,1,1,1,1,,
2019-08-24,1,1,1,1,0,Tarde,
2019-08-19,1,1,1,1,1,,
2019-09-17,6,5,6,6,3,"Tarde, Mañana",San Juan de Aragón
2019-10-09,2,2,2,2,2,,
2019-09-10,4,4,4,4,4,Tarde,
2019-09-24,2,2,1,2,2,Tarde,Lindavista
2019-09-25,8,7,7,8,5,"Tarde, Noche, Mañana",
2019-09-11,2,2,2,2,2,Noche,
2019-09-20,2,2,2,2,0,,
2019-09-19,4,3,4,3,2,"Tarde, Mañana",
2019-09-26,3,2,2,3,2,"Tarde, Mañana",
2019-04-09,2,2,2,2,1,,
2019-09-07,1,1,1,1,1,,
2019-09-09,1,1,1,1,0,Tarde,
2019-09-03,1,1,1,1,0,,
2019-09-30,1,0,1,1,0,,
2019-09-05,2,1,1,2,1,,
2019-09-13,1,1,1,0,0,,
2019-10-28,3,3,3,3,2,,Vallejo
2019-10-30,2,2,2,2,1,,
2019-10-27,3,3,3,3,3,Tarde,
2019-10-22,2,2,2,2,1,"Noche, Mañana",
2019-10-16,1,1,0,1,0,,
2019-10-26,1,0,1,1,0,,
2019-10-31,1,0,1,1,1,,Lindavista
2019-10-21,1,1,1,1,1,,
2019-10-17,1,1,1,1,1,,
2019-10-19,1,1,1,1,1,,
2019-10-08,1,1,1,1,0,,
2019-11-03,1,1,1,1,1,Tarde,
2019-11-28,4,2,4,4,0,"Mañana, Tarde",
2019-11-24,1,0,1,1,0,,
2019-11-06,1,1,1,1,1,,
2019-11-14,1,1,1,1,1,Mañana,
2019-11-20,1,1,1,1,0,Mañana,
2019-12-24,2,2,2,2,2,,
2019-12-15,1,1,1,1,1,,
2019-12-01,1,1,1,1,1,,Lindavista
2019-12-11,1,1,1,1,1,,
2019-12-10,1,1,1,1,1,,
2019-12-25,1,1,1,1,1,,Ticomán
2019-12-31,1,0,1,0,0,,
2020-01-08,2,2,2,1,1,Mañana,
2020-07-11,1,1,1,1,1,,Ticoman
2020-01-05,2,1,2,2,1,,
2020-01-26,1,1,1,1,0,,
2020-01-15,2,2,2,2,2,Mañana,
2020-01-29,1,1,1,1,1,Tarde,
2020-01-21,1,1,0,1,0,,
2020-02-25,2,2,1,1,1,Mañana,
2020-02-23,1,1,1,1,1,,Vallejo
2020-02-11,2,2,2,2,2,Noche,
2020-02-09,1,1,1,1,1,,
2020-02-03,1,1,1,1,1,,
2020-02-10,1,0,1,1,0,,
2020-02-21,1,1,1,1,0,Mañana,
2020-03-21,1,1,1,1,1,,
2020-03-12,1,1,1,1,0,Mañana,
2020-03-09,1,1,1,1,1,,Martín Carrera
2020-03-25,1,1,1,1,1,,Lindavista
2020-03-26,1,1,1,1,1,,
2020-03-03,1,1,1,1,0,,
2020-03-05,1,1,1,1,1,,
2020-04-21,1,1,1,1,1,,
2020-04-26,1,1,1,1,0,,
2020-04-24,1,1,1,1,1,,
2020-04-29,1,1,1,0,0,Mañana,
2020-06-25,2,1,2,2,0,,
2020-04-27,1,1,1,1,0,,
2020-05-29,4,4,4,4,3,Mañana,
2020-06-05,2,1,2,2,1,Tarde,
2020-05-05,5,5,5,4,5,"Noche, Tarde",
2020-05-06,2,2,2,2,1,Tarde,
2020-12-05,1,1,1,0,1,,
2020-05-23,1,1,1,1,1,Mañana,
2020-05-04,1,1,1,1,1,Noche,Ticomán
2020-05-27,1,0,1,0,0,,
2020-05-09,1,1,0,0,1,,
2020-09-06,2,2,2,2,2,,
2020-06-09,13,13,12,11,10,"Tarde, Mañana","Ticomán, Lindavista"
2020-06-22,11,10,10,10,7,Mañana,
2020-08-06,2,2,1,2,2,Tarde,Ticomán
2020-06-10,2,1,2,2,0,Mañana,
2020-06-23,1,1,1,1,1,Mañana,
2020-06-11,1,1,1,1,1,,
2020-06-20,2,2,2,2,2,Tarde,
2020-07-12,1,1,1,0,1,,
2020-06-24,1,1,1,1,0,Noche,
2020-06-21,2,2,2,2,2,Noche,
2020-06-02,2,1,2,2,0,,
2020-03-06,1,0,1,0,0,,
2020-06-03,1,1,1,1,0,Tarde,
2020-06-07,1,0,1,1,0,,
2020-06-13,1,1,1,1,1,Mañana,
2020-06-14,1,1,1,1,0,Tarde,
2020-06-06,1,0,1,1,0,,
2020-06-27,1,1,1,1,0,Mañana,
2020-10-06,1,1,1,1,0,,
