Fecha,Alcaldía,Precipitación,Temperatura Mínima,Temperatura Máxima,Inundación,Creación,Actualización
2018-01-01,Alcaldia object (101),0.00,5.00,21.00,0,2020-07-12 08:37:04+00:00,
2018-01-02,Alcaldia object (101),0.00,6.00,22.50,0,2020-07-12 08:37:04+00:00,
2018-01-03,Alcaldia object (101),0.00,5.00,22.00,0,2020-07-12 08:37:04+00:00,
2018-01-04,Alcaldia object (101),0.00,5.00,22.50,0,2020-07-12 08:37:04+00:00,
2018-01-05,Alcaldia object (101),0.00,6.00,23.50,0,2020-07-12 08:37:04+00:00,
2018-01-06,Alcaldia object (101),0.00,4.00,22.50,0,2020-07-12 08:37:04+00:00,
2018-01-07,Alcaldia object (101),0.00,4.50,24.00,0,2020-07-12 08:37:04+00:00,
2018-01-08,Alcaldia object (101),0.00,4.00,23.50,0,2020-07-12 08:37:04+00:00,
2018-01-09,Alcaldia object (101),0.00,2.50,23.50,0,2020-07-12 08:37:04+00:00,
2018-01-10,Alcaldia object (101),0.00,2.50,25.50,0,2020-07-12 08:37:04+00:00,
2018-01-11,Alcaldia object (101),0.00,6.00,24.00,0,2020-07-12 08:37:04+00:00,
2018-01-12,Alcaldia object (101),0.00,2.50,21.50,0,2020-07-12 08:37:04+00:00,
2018-01-13,Alcaldia object (101),0.00,-0.50,23.50,0,2020-07-12 08:37:04+00:00,
2018-01-14,Alcaldia object (101),0.00,0.00,19.00,0,2020-07-12 08:37:04+00:00,
2018-01-15,Alcaldia object (101),0.00,0.00,21.00,0,2020-07-12 08:37:04+00:00,
2018-01-16,Alcaldia object (101),0.00,2.50,22.00,0,2020-07-12 08:37:04+00:00,
2018-01-17,Alcaldia object (101),0.00,2.00,21.00,0,2020-07-12 08:37:04+00:00,
2018-01-18,Alcaldia object (101),0.00,3.00,21.00,0,2020-07-12 08:37:04+00:00,
2018-01-19,Alcaldia object (101),0.00,4.00,22.00,0,2020-07-12 08:37:04+00:00,
2018-01-20,Alcaldia object (101),0.00,4.00,24.00,0,2020-07-12 08:37:04+00:00,
2018-01-21,Alcaldia object (101),0.00,5.00,26.00,0,2020-07-12 08:37:04+00:00,
2018-01-22,Alcaldia object (101),0.00,7.00,26.00,0,2020-07-12 08:37:04+00:00,
2018-01-23,Alcaldia object (101),0.00,7.00,25.00,0,2020-07-12 08:37:04+00:00,
2018-01-24,Alcaldia object (101),6.10,7.00,23.00,0,2020-07-12 08:37:04+00:00,
2018-01-25,Alcaldia object (101),0.00,6.50,26.00,0,2020-07-12 08:37:04+00:00,
2018-01-26,Alcaldia object (101),0.01,6.00,21.00,0,2020-07-12 08:37:04+00:00,
2018-01-27,Alcaldia object (101),0.00,8.00,24.00,0,2020-07-12 08:37:04+00:00,
2018-01-28,Alcaldia object (101),2.40,10.00,17.00,0,2020-07-12 08:37:04+00:00,
2018-01-29,Alcaldia object (101),0.01,2.00,13.50,0,2020-07-12 08:37:04+00:00,
2018-01-30,Alcaldia object (101),0.00,2.00,8.50,0,2020-07-12 08:37:04+00:00,
2018-01-31,Alcaldia object (101),0.00,3.00,22.00,0,2020-07-12 08:37:04+00:00,
2018-02-01,Alcaldia object (101),0.00,6.00,25.00,0,2020-07-12 08:37:04+00:00,
2018-02-02,Alcaldia object (101),0.00,6.00,27.00,0,2020-07-12 08:37:04+00:00,
2018-02-03,Alcaldia object (101),0.00,7.00,24.50,0,2020-07-12 08:37:05+00:00,
2018-02-04,Alcaldia object (101),0.00,8.00,26.50,0,2020-07-12 08:37:05+00:00,
2018-02-05,Alcaldia object (101),0.00,7.00,26.50,0,2020-07-12 08:37:05+00:00,
2018-02-06,Alcaldia object (101),0.00,8.00,27.00,0,2020-07-12 08:37:05+00:00,
2018-02-07,Alcaldia object (101),0.00,7.00,26.00,0,2020-07-12 08:37:05+00:00,
2018-02-08,Alcaldia object (101),0.00,8.00,22.50,0,2020-07-12 08:37:05+00:00,
2018-02-09,Alcaldia object (101),0.50,8.50,21.50,0,2020-07-12 08:37:05+00:00,
2018-02-10,Alcaldia object (101),0.00,8.50,22.00,0,2020-07-12 08:37:05+00:00,
2018-02-11,Alcaldia object (101),0.00,8.00,24.50,0,2020-07-12 08:37:05+00:00,
2018-02-12,Alcaldia object (101),0.00,9.00,26.00,0,2020-07-12 08:37:05+00:00,
2018-02-13,Alcaldia object (101),0.00,9.50,25.00,0,2020-07-12 08:37:05+00:00,
2018-02-14,Alcaldia object (101),0.00,9.00,25.50,0,2020-07-12 08:37:05+00:00,
2018-02-15,Alcaldia object (101),0.00,8.00,25.00,0,2020-07-12 08:37:05+00:00,
2018-02-16,Alcaldia object (101),0.00,8.50,27.00,0,2020-07-12 08:37:05+00:00,
2018-02-17,Alcaldia object (101),0.00,7.00,27.00,0,2020-07-12 08:37:05+00:00,
2018-02-18,Alcaldia object (101),0.00,9.00,26.00,0,2020-07-12 08:37:05+00:00,
2018-02-19,Alcaldia object (101),0.00,11.00,26.00,0,2020-07-12 08:37:05+00:00,
2018-02-20,Alcaldia object (101),0.00,9.00,25.50,0,2020-07-12 08:37:05+00:00,
2018-02-21,Alcaldia object (101),0.00,9.00,27.00,0,2020-07-12 08:37:05+00:00,
2018-02-22,Alcaldia object (101),0.00,10.00,27.50,0,2020-07-12 08:37:05+00:00,
2018-02-23,Alcaldia object (101),0.00,10.50,26.00,0,2020-07-12 08:37:05+00:00,
2018-02-24,Alcaldia object (101),0.00,10.50,27.00,0,2020-07-12 08:37:05+00:00,
2018-02-25,Alcaldia object (101),0.00,11.00,20.00,0,2020-07-12 08:37:05+00:00,
2018-02-26,Alcaldia object (101),0.00,12.00,28.50,0,2020-07-12 08:37:05+00:00,
2018-02-27,Alcaldia object (101),0.00,11.00,28.00,0,2020-07-12 08:37:05+00:00,
2018-02-28,Alcaldia object (101),0.00,11.00,29.00,0,2020-07-12 08:37:05+00:00,
2018-03-01,Alcaldia object (101),0.00,11.00,30.00,0,2020-07-12 08:37:05+00:00,
2018-03-02,Alcaldia object (101),0.00,9.00,27.50,0,2020-07-12 08:37:05+00:00,
2018-03-03,Alcaldia object (101),0.00,8.00,28.00,0,2020-07-12 08:37:05+00:00,
2018-03-04,Alcaldia object (101),0.00,9.00,29.00,0,2020-07-12 08:37:05+00:00,
2018-03-05,Alcaldia object (101),0.00,11.00,29.00,0,2020-07-12 08:37:05+00:00,
2018-03-06,Alcaldia object (101),0.00,12.00,29.00,0,2020-07-12 08:37:05+00:00,
2018-03-07,Alcaldia object (101),1.50,8.50,25.00,0,2020-07-12 08:37:05+00:00,
2018-03-08,Alcaldia object (101),0.00,8.00,26.50,0,2020-07-12 08:37:05+00:00,
2018-03-09,Alcaldia object (101),0.01,10.00,27.00,0,2020-07-12 08:37:05+00:00,
2018-03-10,Alcaldia object (101),0.00,10.00,28.50,0,2020-07-12 08:37:05+00:00,
2018-03-11,Alcaldia object (101),0.00,10.00,28.50,0,2020-07-12 08:37:05+00:00,
2018-03-12,Alcaldia object (101),0.00,10.00,28.50,0,2020-07-12 08:37:05+00:00,
2018-03-13,Alcaldia object (101),0.00,11.00,28.00,0,2020-07-12 08:37:05+00:00,
2018-03-14,Alcaldia object (101),2.50,11.00,28.00,0,2020-07-12 08:37:05+00:00,
2018-03-15,Alcaldia object (101),11.50,11.00,28.00,0,2020-07-12 08:37:05+00:00,
2018-03-16,Alcaldia object (101),3.20,10.50,27.50,0,2020-07-12 08:37:05+00:00,
2018-03-17,Alcaldia object (101),0.00,11.00,27.50,0,2020-07-12 08:37:05+00:00,
2018-03-18,Alcaldia object (101),0.00,10.50,26.50,0,2020-07-12 08:37:05+00:00,
2018-03-19,Alcaldia object (101),0.00,10.00,29.00,0,2020-07-12 08:37:05+00:00,
2018-03-20,Alcaldia object (101),0.00,11.50,31.50,0,2020-07-12 08:37:05+00:00,
2018-03-21,Alcaldia object (101),0.00,11.00,28.50,0,2020-07-12 08:37:05+00:00,
2018-03-22,Alcaldia object (101),0.00,10.50,29.00,0,2020-07-12 08:37:05+00:00,
2018-03-23,Alcaldia object (101),0.00,9.50,27.50,0,2020-07-12 08:37:05+00:00,
2018-03-24,Alcaldia object (101),0.00,8.00,30.00,0,2020-07-12 08:37:05+00:00,
2018-03-25,Alcaldia object (101),0.00,10.00,30.00,0,2020-07-12 08:37:05+00:00,
2018-03-26,Alcaldia object (101),0.00,11.00,30.00,0,2020-07-12 08:37:05+00:00,
2018-03-27,Alcaldia object (101),0.00,13.00,30.00,0,2020-07-12 08:37:05+00:00,
2018-03-28,Alcaldia object (101),0.00,11.50,29.00,0,2020-07-12 08:37:05+00:00,
2018-03-29,Alcaldia object (101),0.00,11.00,28.00,0,2020-07-12 08:37:05+00:00,
2018-03-30,Alcaldia object (101),0.00,8.00,25.00,0,2020-07-12 08:37:05+00:00,
2018-03-31,Alcaldia object (101),0.00,8.00,27.50,0,2020-07-12 08:37:05+00:00,
2018-04-01,Alcaldia object (101),0.00,9.00,28.00,0,2020-07-12 08:37:05+00:00,
2018-04-02,Alcaldia object (101),0.00,9.00,26.00,0,2020-07-12 08:37:05+00:00,
2018-04-03,Alcaldia object (101),0.01,12.00,29.00,0,2020-07-12 08:37:05+00:00,
2018-04-04,Alcaldia object (101),0.00,13.00,28.50,0,2020-07-12 08:37:05+00:00,
2018-04-05,Alcaldia object (101),8.30,13.00,29.00,0,2020-07-12 08:37:05+00:00,
2018-04-06,Alcaldia object (101),3.00,10.50,25.00,0,2020-07-12 08:37:05+00:00,
2018-04-07,Alcaldia object (101),0.00,10.50,26.50,0,2020-07-12 08:37:05+00:00,
2018-04-08,Alcaldia object (101),0.00,11.00,29.00,0,2020-07-12 08:37:05+00:00,
2018-04-09,Alcaldia object (101),2.50,11.00,29.50,0,2020-07-12 08:37:05+00:00,
2018-04-10,Alcaldia object (101),0.01,11.00,26.00,0,2020-07-12 08:37:05+00:00,
2018-04-11,Alcaldia object (101),0.50,10.50,24.50,0,2020-07-12 08:37:05+00:00,
2018-04-12,Alcaldia object (101),0.01,12.00,25.00,0,2020-07-12 08:37:05+00:00,
2018-04-13,Alcaldia object (101),0.00,11.00,26.00,0,2020-07-12 08:37:05+00:00,
2018-04-14,Alcaldia object (101),0.00,11.00,27.00,0,2020-07-12 08:37:05+00:00,
2018-04-15,Alcaldia object (101),0.01,10.50,27.50,0,2020-07-12 08:37:05+00:00,
2018-04-16,Alcaldia object (101),0.00,10.00,29.00,0,2020-07-12 08:37:05+00:00,
2018-04-17,Alcaldia object (101),0.00,13.00,30.00,0,2020-07-12 08:37:05+00:00,
2018-04-18,Alcaldia object (101),0.00,11.50,29.50,0,2020-07-12 08:37:05+00:00,
2018-04-19,Alcaldia object (101),0.00,11.50,30.50,0,2020-07-12 08:37:05+00:00,
2018-04-20,Alcaldia object (101),0.00,11.50,28.00,0,2020-07-12 08:37:05+00:00,
2018-04-21,Alcaldia object (101),1.50,11.50,29.50,0,2020-07-12 08:37:05+00:00,
2018-04-22,Alcaldia object (101),3.00,13.00,29.00,0,2020-07-12 08:37:05+00:00,
2018-04-23,Alcaldia object (101),0.00,14.00,28.00,0,2020-07-12 08:37:05+00:00,
2018-04-24,Alcaldia object (101),1.00,13.00,26.00,0,2020-07-12 08:37:05+00:00,
2018-04-25,Alcaldia object (101),0.00,12.00,26.00,0,2020-07-12 08:37:05+00:00,
2018-04-26,Alcaldia object (101),1.60,13.00,27.50,0,2020-07-12 08:37:05+00:00,
2018-04-27,Alcaldia object (101),0.01,12.50,27.00,0,2020-07-12 08:37:05+00:00,
2018-04-28,Alcaldia object (101),9.40,12.50,27.00,0,2020-07-12 08:37:05+00:00,
2018-04-29,Alcaldia object (101),1.00,10.50,26.50,0,2020-07-12 08:37:05+00:00,
2018-04-30,Alcaldia object (101),0.00,11.50,25.50,0,2020-07-12 08:37:05+00:00,
2018-05-01,Alcaldia object (101),1.30,11.00,28.00,0,2020-07-12 08:37:05+00:00,
2018-05-02,Alcaldia object (101),0.00,13.00,24.50,0,2020-07-12 08:37:05+00:00,
2018-05-03,Alcaldia object (101),10.20,13.50,29.00,0,2020-07-12 08:37:05+00:00,
2018-05-04,Alcaldia object (101),4.40,13.00,28.00,0,2020-07-12 08:37:05+00:00,
2018-05-05,Alcaldia object (101),0.00,14.50,24.00,0,2020-07-12 08:37:05+00:00,
2018-05-06,Alcaldia object (101),0.50,13.50,25.00,0,2020-07-12 08:37:05+00:00,
2018-05-07,Alcaldia object (101),0.00,15.00,23.50,0,2020-07-12 08:37:06+00:00,
2018-05-08,Alcaldia object (101),1.80,13.00,18.50,0,2020-07-12 08:37:06+00:00,
2018-05-09,Alcaldia object (101),0.00,11.50,25.50,0,2020-07-12 08:37:06+00:00,
2018-05-10,Alcaldia object (101),2.00,12.00,28.00,0,2020-07-12 08:37:06+00:00,
2018-05-11,Alcaldia object (101),0.00,12.00,26.00,0,2020-07-12 08:37:06+00:00,
2018-05-12,Alcaldia object (101),0.01,13.00,29.00,0,2020-07-12 08:37:06+00:00,
2018-05-13,Alcaldia object (101),0.00,14.00,29.00,0,2020-07-12 08:37:06+00:00,
2018-05-14,Alcaldia object (101),0.00,13.00,29.50,0,2020-07-12 08:37:06+00:00,
2018-05-15,Alcaldia object (101),0.00,13.00,30.50,0,2020-07-12 08:37:06+00:00,
2018-05-16,Alcaldia object (101),0.00,13.00,31.00,0,2020-07-12 08:37:06+00:00,
2018-05-17,Alcaldia object (101),0.00,13.00,30.00,0,2020-07-12 08:37:06+00:00,
2018-05-18,Alcaldia object (101),0.00,13.00,31.00,0,2020-07-12 08:37:06+00:00,
2018-05-19,Alcaldia object (101),7.40,14.00,31.50,0,2020-07-12 08:37:06+00:00,
2018-05-20,Alcaldia object (101),4.50,13.50,30.00,0,2020-07-12 08:37:06+00:00,
2018-05-21,Alcaldia object (101),0.50,13.00,27.00,0,2020-07-12 08:37:06+00:00,
2018-05-22,Alcaldia object (101),6.60,13.00,28.50,0,2020-07-12 08:37:06+00:00,
2018-05-23,Alcaldia object (101),0.00,12.50,28.50,0,2020-07-12 08:37:06+00:00,
2018-05-24,Alcaldia object (101),0.00,12.50,30.00,0,2020-07-12 08:37:06+00:00,
2018-05-25,Alcaldia object (101),0.00,11.50,29.00,0,2020-07-12 08:37:06+00:00,
2018-05-26,Alcaldia object (101),0.00,11.00,28.50,0,2020-07-12 08:37:06+00:00,
2018-05-27,Alcaldia object (101),0.00,10.50,30.50,0,2020-07-12 08:37:06+00:00,
2018-05-28,Alcaldia object (101),0.00,13.00,32.00,0,2020-07-12 08:37:06+00:00,
2018-05-29,Alcaldia object (101),0.00,13.00,33.50,0,2020-07-12 08:37:06+00:00,
2018-05-30,Alcaldia object (101),0.00,12.50,34.00,0,2020-07-12 08:37:06+00:00,
2018-05-31,Alcaldia object (101),0.00,12.00,34.00,0,2020-07-12 08:37:06+00:00,
2018-06-01,Alcaldia object (101),0.00,14.50,31.50,0,2020-07-12 08:37:06+00:00,
2018-06-02,Alcaldia object (101),0.00,14.00,29.50,0,2020-07-12 08:37:06+00:00,
2018-06-03,Alcaldia object (101),0.00,13.00,29.00,0,2020-07-12 08:37:06+00:00,
2018-06-04,Alcaldia object (101),0.00,13.50,30.50,0,2020-07-12 08:37:06+00:00,
2018-06-05,Alcaldia object (101),0.00,15.50,30.00,0,2020-07-12 08:37:06+00:00,
2018-06-06,Alcaldia object (101),0.00,15.50,30.00,0,2020-07-12 08:37:06+00:00,
2018-06-07,Alcaldia object (101),0.00,15.00,30.00,0,2020-07-12 08:37:06+00:00,
2018-06-08,Alcaldia object (101),23.00,15.00,29.00,0,2020-07-12 08:37:06+00:00,
2018-06-09,Alcaldia object (101),3.10,14.00,25.00,0,2020-07-12 08:37:06+00:00,
2018-06-10,Alcaldia object (101),0.00,13.00,27.50,0,2020-07-12 08:37:06+00:00,
2018-06-11,Alcaldia object (101),3.10,15.00,29.00,0,2020-07-12 08:37:06+00:00,
2018-06-12,Alcaldia object (101),22.00,14.00,24.00,0,2020-07-12 08:37:06+00:00,
2018-06-13,Alcaldia object (101),18.00,14.00,23.00,0,2020-07-12 08:37:06+00:00,
2018-06-14,Alcaldia object (101),35.00,15.00,23.00,0,2020-07-12 08:37:06+00:00,
2018-06-15,Alcaldia object (101),1.30,14.00,23.00,0,2020-07-12 08:37:06+00:00,
2018-06-16,Alcaldia object (101),0.00,15.00,25.00,0,2020-07-12 08:37:06+00:00,
2018-06-17,Alcaldia object (101),0.01,15.00,26.50,0,2020-07-12 08:37:06+00:00,
2018-06-18,Alcaldia object (101),17.70,13.00,23.00,0,2020-07-12 08:37:06+00:00,
2018-06-19,Alcaldia object (101),0.00,13.00,24.00,0,2020-07-12 08:37:06+00:00,
2018-06-20,Alcaldia object (101),0.01,15.00,23.00,0,2020-07-12 08:37:06+00:00,
2018-06-21,Alcaldia object (101),1.30,19.00,23.00,0,2020-07-12 08:37:06+00:00,
2018-06-22,Alcaldia object (101),0.00,14.00,26.00,0,2020-07-12 08:37:06+00:00,
2018-06-23,Alcaldia object (101),0.01,12.00,25.50,0,2020-07-12 08:37:06+00:00,
2018-06-24,Alcaldia object (101),8.50,14.00,26.50,0,2020-07-12 08:37:06+00:00,
2018-06-25,Alcaldia object (101),3.20,14.00,26.00,0,2020-07-12 08:37:06+00:00,
2018-06-26,Alcaldia object (101),6.10,15.00,26.50,0,2020-07-12 08:37:06+00:00,
2018-06-27,Alcaldia object (101),1.00,15.00,25.00,0,2020-07-12 08:37:06+00:00,
2018-06-28,Alcaldia object (101),1.30,14.00,26.00,0,2020-07-12 08:37:06+00:00,
2018-06-29,Alcaldia object (101),0.00,11.00,23.50,0,2020-07-12 08:37:06+00:00,
2018-06-30,Alcaldia object (101),5.30,13.00,25.00,0,2020-07-12 08:37:06+00:00,
2018-07-01,Alcaldia object (101),0.01,14.00,26.50,0,2020-07-12 08:37:06+00:00,
2018-07-02,Alcaldia object (101),1.90,11.00,26.00,0,2020-07-12 08:37:06+00:00,
2018-07-03,Alcaldia object (101),0.00,14.00,23.00,0,2020-07-12 08:37:06+00:00,
2018-07-04,Alcaldia object (101),0.00,13.50,21.50,0,2020-07-12 08:37:06+00:00,
2018-07-05,Alcaldia object (101),1.00,13.00,28.50,0,2020-07-12 08:37:06+00:00,
2018-07-06,Alcaldia object (101),0.00,13.00,23.50,0,2020-07-12 08:37:06+00:00,
2018-07-07,Alcaldia object (101),2.20,13.00,25.00,0,2020-07-12 08:37:06+00:00,
2018-07-08,Alcaldia object (101),12.00,13.00,25.00,0,2020-07-12 08:37:06+00:00,
2018-07-09,Alcaldia object (101),9.50,12.50,24.50,0,2020-07-12 08:37:06+00:00,
2018-07-10,Alcaldia object (101),16.90,12.00,24.00,0,2020-07-12 08:37:06+00:00,
2018-07-11,Alcaldia object (101),14.40,10.00,24.00,0,2020-07-12 08:37:06+00:00,
2018-07-12,Alcaldia object (101),0.00,12.50,25.00,0,2020-07-12 08:37:06+00:00,
2018-07-13,Alcaldia object (101),32.50,12.00,25.00,0,2020-07-12 08:37:06+00:00,
2018-07-14,Alcaldia object (101),4.20,12.50,25.00,0,2020-07-12 08:37:06+00:00,
2018-07-15,Alcaldia object (101),0.00,13.00,24.00,0,2020-07-12 08:37:06+00:00,
2018-07-16,Alcaldia object (101),1.50,13.00,25.00,0,2020-07-12 08:37:06+00:00,
2018-07-17,Alcaldia object (101),0.00,13.00,26.00,0,2020-07-12 08:37:06+00:00,
2018-07-18,Alcaldia object (101),0.00,13.50,24.00,0,2020-07-12 08:37:06+00:00,
2018-07-19,Alcaldia object (101),0.00,8.00,27.50,0,2020-07-12 08:37:06+00:00,
2018-07-20,Alcaldia object (101),2.50,12.50,27.00,0,2020-07-12 08:37:06+00:00,
2018-07-21,Alcaldia object (101),0.00,10.50,27.00,0,2020-07-12 08:37:06+00:00,
2018-07-22,Alcaldia object (101),0.00,13.00,26.00,0,2020-07-12 08:37:06+00:00,
2018-07-23,Alcaldia object (101),0.00,13.00,29.00,0,2020-07-12 08:37:06+00:00,
2018-07-24,Alcaldia object (101),0.00,14.00,30.00,0,2020-07-12 08:37:06+00:00,
2018-07-25,Alcaldia object (101),0.40,13.00,29.50,0,2020-07-12 08:37:06+00:00,
2018-07-26,Alcaldia object (101),2.60,14.00,29.00,0,2020-07-12 08:37:06+00:00,
2018-07-27,Alcaldia object (101),0.01,13.00,28.00,0,2020-07-12 08:37:06+00:00,
2018-07-28,Alcaldia object (101),0.00,13.50,27.50,0,2020-07-12 08:37:06+00:00,
2018-07-29,Alcaldia object (101),0.00,13.00,28.50,0,2020-07-12 08:37:06+00:00,
2018-07-30,Alcaldia object (101),0.01,12.50,28.00,0,2020-07-12 08:37:06+00:00,
2018-07-31,Alcaldia object (101),3.50,12.50,26.50,0,2020-07-12 08:37:06+00:00,
2018-08-01,Alcaldia object (101),0.00,14.00,26.50,0,2020-07-12 08:37:06+00:00,
2018-08-02,Alcaldia object (101),0.01,14.00,25.50,0,2020-07-12 08:37:06+00:00,
2018-08-03,Alcaldia object (101),5.60,11.00,24.00,0,2020-07-12 08:37:06+00:00,
2018-08-04,Alcaldia object (101),4.00,13.50,21.00,0,2020-07-12 08:37:06+00:00,
2018-08-05,Alcaldia object (101),8.00,13.00,24.00,0,2020-07-12 08:37:06+00:00,
2018-08-06,Alcaldia object (101),21.50,13.50,25.50,0,2020-07-12 08:37:06+00:00,
2018-08-07,Alcaldia object (101),12.00,13.50,25.00,0,2020-07-12 08:37:06+00:00,
2018-08-08,Alcaldia object (101),0.80,12.00,26.00,0,2020-07-12 08:37:06+00:00,
2018-08-09,Alcaldia object (101),2.10,10.00,24.00,0,2020-07-12 08:37:06+00:00,
2018-08-10,Alcaldia object (101),19.30,14.00,25.50,0,2020-07-12 08:37:06+00:00,
2018-08-11,Alcaldia object (101),15.40,13.50,25.00,0,2020-07-12 08:37:06+00:00,
2018-08-12,Alcaldia object (101),4.00,13.00,22.00,0,2020-07-12 08:37:07+00:00,
2018-08-13,Alcaldia object (101),3.00,11.50,24.00,0,2020-07-12 08:37:07+00:00,
2018-08-14,Alcaldia object (101),0.00,11.00,25.00,0,2020-07-12 08:37:07+00:00,
2018-08-15,Alcaldia object (101),21.50,13.00,24.50,0,2020-07-12 08:37:07+00:00,
2018-08-16,Alcaldia object (101),0.80,12.00,26.00,0,2020-07-12 08:37:07+00:00,
2018-08-17,Alcaldia object (101),16.00,12.50,26.00,0,2020-07-12 08:37:07+00:00,
2018-08-18,Alcaldia object (101),0.01,13.50,25.00,0,2020-07-12 08:37:07+00:00,
2018-08-19,Alcaldia object (101),0.00,13.00,26.00,0,2020-07-12 08:37:07+00:00,
2018-08-20,Alcaldia object (101),0.00,14.00,25.00,0,2020-07-12 08:37:07+00:00,
2018-08-21,Alcaldia object (101),0.00,14.00,23.00,0,2020-07-12 08:37:07+00:00,
2018-08-22,Alcaldia object (101),0.01,14.00,25.50,0,2020-07-12 08:37:07+00:00,
2018-08-23,Alcaldia object (101),0.00,13.00,26.00,0,2020-07-12 08:37:07+00:00,
2018-08-24,Alcaldia object (101),2.80,13.00,25.50,0,2020-07-12 08:37:07+00:00,
2018-08-25,Alcaldia object (101),7.70,13.00,25.50,0,2020-07-12 08:37:07+00:00,
2018-08-26,Alcaldia object (101),0.01,13.00,24.00,0,2020-07-12 08:37:07+00:00,
2018-08-27,Alcaldia object (101),12.50,10.00,26.00,0,2020-07-12 08:37:07+00:00,
2018-08-28,Alcaldia object (101),3.60,14.00,24.00,0,2020-07-12 08:37:07+00:00,
2018-08-29,Alcaldia object (101),0.00,14.00,25.00,0,2020-07-12 08:37:07+00:00,
2018-08-30,Alcaldia object (101),7.20,15.00,25.50,0,2020-07-12 08:37:07+00:00,
2018-08-31,Alcaldia object (101),10.70,13.00,25.00,0,2020-07-12 08:37:07+00:00,
2018-09-01,Alcaldia object (101),0.00,13.00,24.00,0,2020-07-12 08:37:07+00:00,
2018-09-02,Alcaldia object (101),0.01,13.50,27.00,0,2020-07-12 08:37:07+00:00,
2018-09-03,Alcaldia object (101),1.00,14.00,26.00,0,2020-07-12 08:37:07+00:00,
2018-09-04,Alcaldia object (101),0.00,13.00,26.00,0,2020-07-12 08:37:07+00:00,
2018-09-05,Alcaldia object (101),1.60,13.00,24.50,0,2020-07-12 08:37:07+00:00,
2018-09-06,Alcaldia object (101),3.80,14.00,24.00,0,2020-07-12 08:37:07+00:00,
2018-09-07,Alcaldia object (101),0.00,14.00,25.00,0,2020-07-12 08:37:07+00:00,
2018-09-08,Alcaldia object (101),0.00,12.00,25.00,0,2020-07-12 08:37:07+00:00,
2018-09-09,Alcaldia object (101),0.00,12.00,27.00,0,2020-07-12 08:37:07+00:00,
2018-09-10,Alcaldia object (101),0.00,15.00,27.00,0,2020-07-12 08:37:07+00:00,
2018-09-11,Alcaldia object (101),15.70,11.00,23.50,0,2020-07-12 08:37:07+00:00,
2018-09-12,Alcaldia object (101),9.80,14.00,26.00,0,2020-07-12 08:37:07+00:00,
2018-09-13,Alcaldia object (101),1.20,12.00,24.00,0,2020-07-12 08:37:07+00:00,
2018-09-14,Alcaldia object (101),0.00,14.00,25.00,0,2020-07-12 08:37:07+00:00,
2018-09-15,Alcaldia object (101),0.01,15.00,26.00,0,2020-07-12 08:37:07+00:00,
2018-09-16,Alcaldia object (101),1.50,14.00,24.50,0,2020-07-12 08:37:07+00:00,
2018-09-17,Alcaldia object (101),0.00,13.00,25.50,0,2020-07-12 08:37:07+00:00,
2018-09-18,Alcaldia object (101),28.50,13.00,25.00,0,2020-07-12 08:37:07+00:00,
2018-09-19,Alcaldia object (101),0.00,14.00,26.00,0,2020-07-12 08:37:07+00:00,
2018-09-20,Alcaldia object (101),0.00,13.00,27.00,0,2020-07-12 08:37:07+00:00,
2018-09-21,Alcaldia object (101),6.10,13.00,27.00,0,2020-07-12 08:37:07+00:00,
2018-09-22,Alcaldia object (101),5.50,13.50,26.00,0,2020-07-12 08:37:07+00:00,
2018-09-23,Alcaldia object (101),44.50,12.00,25.50,0,2020-07-12 08:37:07+00:00,
2018-09-24,Alcaldia object (101),2.10,13.00,24.50,0,2020-07-12 08:37:07+00:00,
2018-09-25,Alcaldia object (101),3.00,13.00,26.00,0,2020-07-12 08:37:07+00:00,
2018-09-26,Alcaldia object (101),1.10,13.00,24.00,0,2020-07-12 08:37:07+00:00,
2018-09-27,Alcaldia object (101),0.00,13.00,24.00,0,2020-07-12 08:37:07+00:00,
2018-09-28,Alcaldia object (101),0.00,13.00,23.00,0,2020-07-12 08:37:07+00:00,
2018-09-29,Alcaldia object (101),6.00,12.50,23.50,0,2020-07-12 08:37:07+00:00,
2018-09-30,Alcaldia object (101),0.01,14.00,25.50,0,2020-07-12 08:37:07+00:00,
2018-10-01,Alcaldia object (101),0.00,12.50,25.00,0,2020-07-12 08:37:07+00:00,
2018-10-02,Alcaldia object (101),0.00,13.00,23.00,0,2020-07-12 08:37:07+00:00,
2018-10-03,Alcaldia object (101),0.00,14.00,23.00,0,2020-07-12 08:37:07+00:00,
2018-10-04,Alcaldia object (101),2.50,13.00,25.00,0,2020-07-12 08:37:07+00:00,
2018-10-05,Alcaldia object (101),5.40,11.50,26.00,0,2020-07-12 08:37:07+00:00,
2018-10-06,Alcaldia object (101),11.50,13.50,23.00,0,2020-07-12 08:37:07+00:00,
2018-10-07,Alcaldia object (101),0.00,13.50,23.00,0,2020-07-12 08:37:07+00:00,
2018-10-08,Alcaldia object (101),2.30,13.00,24.00,0,2020-07-12 08:37:07+00:00,
2018-10-09,Alcaldia object (101),3.20,13.00,26.00,0,2020-07-12 08:37:07+00:00,
2018-10-10,Alcaldia object (101),7.30,14.50,26.00,0,2020-07-12 08:37:07+00:00,
2018-10-11,Alcaldia object (101),0.01,15.00,24.00,0,2020-07-12 08:37:07+00:00,
2018-10-12,Alcaldia object (101),1.00,14.00,24.50,0,2020-07-12 08:37:07+00:00,
2018-10-13,Alcaldia object (101),0.00,14.00,24.00,0,2020-07-12 08:37:07+00:00,
2018-10-14,Alcaldia object (101),0.01,13.00,27.50,0,2020-07-12 08:37:07+00:00,
2018-10-15,Alcaldia object (101),7.00,13.50,27.00,0,2020-07-12 08:37:07+00:00,
2018-10-16,Alcaldia object (101),2.30,13.00,25.00,0,2020-07-12 08:37:07+00:00,
2018-10-17,Alcaldia object (101),0.01,13.00,21.00,0,2020-07-12 08:37:07+00:00,
2018-10-18,Alcaldia object (101),0.00,13.00,21.00,0,2020-07-12 08:37:07+00:00,
2018-10-19,Alcaldia object (101),1.10,12.50,24.00,0,2020-07-12 08:37:07+00:00,
2018-10-20,Alcaldia object (101),0.90,14.50,21.50,0,2020-07-12 08:37:07+00:00,
2018-10-21,Alcaldia object (101),1.20,13.00,22.00,0,2020-07-12 08:37:07+00:00,
2018-10-22,Alcaldia object (101),0.00,11.50,25.00,0,2020-07-12 08:37:07+00:00,
2018-10-23,Alcaldia object (101),0.00,10.00,24.00,0,2020-07-12 08:37:07+00:00,
2018-10-24,Alcaldia object (101),0.00,10.00,26.50,0,2020-07-12 08:37:07+00:00,
2018-10-25,Alcaldia object (101),0.00,11.00,27.00,0,2020-07-12 08:37:07+00:00,
2018-10-26,Alcaldia object (101),6.30,13.00,27.00,0,2020-07-12 08:37:07+00:00,
2018-10-27,Alcaldia object (101),0.01,13.00,21.00,0,2020-07-12 08:37:07+00:00,
2018-10-28,Alcaldia object (101),0.00,13.00,22.00,0,2020-07-12 08:37:07+00:00,
2018-10-29,Alcaldia object (101),52.80,11.00,26.00,0,2020-07-12 08:37:07+00:00,
2018-10-30,Alcaldia object (101),2.20,11.00,25.00,0,2020-07-12 08:37:07+00:00,
2018-10-31,Alcaldia object (101),0.01,12.00,24.50,0,2020-07-12 08:37:07+00:00,
2018-11-01,Alcaldia object (101),9.00,13.00,23.00,0,2020-07-12 08:37:07+00:00,
2018-11-02,Alcaldia object (101),5.10,12.00,22.50,0,2020-07-12 08:37:07+00:00,
2018-11-03,Alcaldia object (101),3.20,13.50,20.50,0,2020-07-12 08:37:07+00:00,
2018-11-04,Alcaldia object (101),0.00,10.00,18.00,0,2020-07-12 08:37:07+00:00,
2018-11-05,Alcaldia object (101),0.00,9.00,24.00,0,2020-07-12 08:37:07+00:00,
2018-11-06,Alcaldia object (101),0.00,10.00,26.00,0,2020-07-12 08:37:07+00:00,
2018-11-07,Alcaldia object (101),0.00,11.00,27.00,0,2020-07-12 08:37:07+00:00,
2018-11-08,Alcaldia object (101),0.00,11.00,28.00,0,2020-07-12 08:37:07+00:00,
2018-11-09,Alcaldia object (101),0.00,11.50,27.00,0,2020-07-12 08:37:07+00:00,
2018-11-10,Alcaldia object (101),0.00,11.00,24.50,0,2020-07-12 08:37:07+00:00,
2018-11-11,Alcaldia object (101),0.00,11.00,25.00,0,2020-07-12 08:37:07+00:00,
2018-11-12,Alcaldia object (101),4.50,10.00,26.00,0,2020-07-12 08:37:08+00:00,
2018-11-13,Alcaldia object (101),6.50,5.00,22.00,0,2020-07-12 08:37:08+00:00,
2018-11-14,Alcaldia object (101),15.50,5.00,9.00,0,2020-07-12 08:37:08+00:00,
2018-11-15,Alcaldia object (101),0.00,5.00,19.50,0,2020-07-12 08:37:08+00:00,
2018-11-16,Alcaldia object (101),0.00,5.00,23.00,0,2020-07-12 08:37:08+00:00,
2018-11-17,Alcaldia object (101),0.00,6.50,23.50,0,2020-07-12 08:37:08+00:00,
2018-11-18,Alcaldia object (101),0.00,5.50,21.50,0,2020-07-12 08:37:08+00:00,
2018-11-19,Alcaldia object (101),0.00,6.00,25.00,0,2020-07-12 08:37:08+00:00,
2018-11-20,Alcaldia object (101),0.00,8.00,25.00,0,2020-07-12 08:37:08+00:00,
2018-11-21,Alcaldia object (101),0.00,9.00,25.00,0,2020-07-12 08:37:08+00:00,
2018-11-22,Alcaldia object (101),0.00,8.00,25.00,0,2020-07-12 08:37:08+00:00,
2018-11-23,Alcaldia object (101),0.00,9.00,25.00,0,2020-07-12 08:37:08+00:00,
2018-11-24,Alcaldia object (101),0.00,9.50,26.00,0,2020-07-12 08:37:08+00:00,
2018-11-25,Alcaldia object (101),0.00,9.00,27.00,0,2020-07-12 08:37:08+00:00,
2018-11-26,Alcaldia object (101),0.00,9.00,26.00,0,2020-07-12 08:37:08+00:00,
2018-11-27,Alcaldia object (101),0.00,9.00,25.00,0,2020-07-12 08:37:08+00:00,
2018-11-28,Alcaldia object (101),0.50,9.00,24.00,0,2020-07-12 08:37:08+00:00,
2018-11-29,Alcaldia object (101),1.50,11.50,18.00,0,2020-07-12 08:37:08+00:00,
2018-11-30,Alcaldia object (101),0.00,9.00,23.50,0,2020-07-12 08:37:08+00:00,
2018-12-01,Alcaldia object (101),0.00,7.00,26.50,0,2020-07-12 08:37:08+00:00,
2018-12-02,Alcaldia object (101),0.00,12.00,27.00,0,2020-07-12 08:37:08+00:00,
2018-12-03,Alcaldia object (101),0.00,8.00,26.00,0,2020-07-12 08:37:08+00:00,
2018-12-04,Alcaldia object (101),3.00,9.00,24.50,0,2020-07-12 08:37:08+00:00,
2018-12-05,Alcaldia object (101),0.01,8.00,22.00,0,2020-07-12 08:37:08+00:00,
2018-12-06,Alcaldia object (101),0.00,8.50,23.00,0,2020-07-12 08:37:08+00:00,
2018-12-07,Alcaldia object (101),0.00,8.50,25.00,0,2020-07-12 08:37:08+00:00,
2018-12-08,Alcaldia object (101),0.00,6.00,23.00,0,2020-07-12 08:37:08+00:00,
2018-12-09,Alcaldia object (101),0.00,10.00,23.50,0,2020-07-12 08:37:08+00:00,
2018-12-10,Alcaldia object (101),0.00,8.00,21.00,0,2020-07-12 08:37:08+00:00,
2018-12-11,Alcaldia object (101),0.00,7.00,19.00,0,2020-07-12 08:37:08+00:00,
2018-12-12,Alcaldia object (101),0.00,7.00,21.00,0,2020-07-12 08:37:08+00:00,
2018-12-13,Alcaldia object (101),0.00,8.00,22.00,0,2020-07-12 08:37:08+00:00,
2018-12-14,Alcaldia object (101),0.00,5.00,23.00,0,2020-07-12 08:37:08+00:00,
2018-12-15,Alcaldia object (101),0.00,3.50,17.00,0,2020-07-12 08:37:08+00:00,
2018-12-16,Alcaldia object (101),0.00,4.00,22.00,0,2020-07-12 08:37:08+00:00,
2018-12-17,Alcaldia object (101),0.00,4.50,22.00,0,2020-07-12 08:37:08+00:00,
2018-12-18,Alcaldia object (101),0.00,6.00,19.00,0,2020-07-12 08:37:08+00:00,
2018-12-19,Alcaldia object (101),0.00,5.00,24.00,0,2020-07-12 08:37:08+00:00,
2018-12-20,Alcaldia object (101),0.00,0.50,21.00,0,2020-07-12 08:37:08+00:00,
2018-12-21,Alcaldia object (101),0.00,1.00,23.50,0,2020-07-12 08:37:08+00:00,
2018-12-22,Alcaldia object (101),0.00,2.00,22.00,0,2020-07-12 08:37:08+00:00,
2018-12-23,Alcaldia object (101),0.00,2.50,22.00,0,2020-07-12 08:37:08+00:00,
2018-12-24,Alcaldia object (101),0.00,3.50,21.50,0,2020-07-12 08:37:08+00:00,
2018-12-25,Alcaldia object (101),0.00,5.50,22.00,0,2020-07-12 08:37:08+00:00,
2018-12-26,Alcaldia object (101),0.00,6.50,21.50,0,2020-07-12 08:37:08+00:00,
2018-12-27,Alcaldia object (101),0.00,6.00,23.00,0,2020-07-12 08:37:08+00:00,
2018-12-28,Alcaldia object (101),0.00,11.00,22.00,0,2020-07-12 08:37:08+00:00,
2018-12-29,Alcaldia object (101),0.00,6.00,23.00,0,2020-07-12 08:37:08+00:00,
2018-12-30,Alcaldia object (101),0.00,5.00,24.00,0,2020-07-12 08:37:08+00:00,
2018-12-31,Alcaldia object (101),0.00,5.00,25.00,0,2020-07-12 08:37:08+00:00,
